Player,Mat,Inns,Overs,Mdns,Runs,Wkts,BBI,Ave,Econ,SR,4,5,,Team,Start Date,End Date
Arshdeep Singh,1,1,3.0,0,19,3,3/19,6.33,6.33,6.0,0,0,,PBKS,2023-03-01,2023-04-01
RD Chahar,1,1,2.0,0,12,1,1/12,12.0,6.0,12.0,0,0,,PBKS,2023-03-01,2023-04-01
SM Curran,1,1,3.0,0,38,1,1/38,38.0,12.66,18.0,0,0,,PBKS,2023-03-01,2023-04-01
NT Ellis,1,1,3.0,0,27,1,1/27,27.0,9.0,18.0,0,0,,PBKS,2023-03-01,2023-04-01
Sikandar Raza,1,1,3.0,0,25,1,1/25,25.0,8.33,18.0,0,0,,PBKS,2023-03-01,2023-04-01
R Dhawan,1,1,1.0,0,15,0,,,15.0,,0,0,,PBKS,2023-03-01,2023-04-01
Harpreet Brar,1,1,1.0,0,7,0,,,7.0,,0,0,,PBKS,2023-03-01,2023-04-01
S Dhawan,1,,,,,,,,,,,,,PBKS,2023-03-01,2023-04-01
Prabhsimran Singh,1,,,,,,,,,,,,,PBKS,2023-03-01,2023-04-01
PBB Rajapaksa,1,,,,,,,,,,,,,PBKS,2023-03-01,2023-04-01
M Shahrukh Khan,1,,,,,,,,,,,,,PBKS,2023-03-01,2023-04-01
JM Sharma,1,,,,,,,,,,,,,PBKS,2023-03-01,2023-04-01
MA Wood,1,1,4.0,0,14,5,5/14,2.8,3.5,4.8,0,1,,LSG,2023-03-01,2023-04-01
Avesh Khan,1,1,4.0,0,29,2,2/29,14.5,7.25,12.0,0,0,,LSG,2023-03-01,2023-04-01
Ravi Bishnoi,1,1,4.0,0,31,2,2/31,15.5,7.75,12.0,0,0,,LSG,2023-03-01,2023-04-01
K Gowtham,1,1,4.0,0,23,0,,,5.75,,0,0,,LSG,2023-03-01,2023-04-01
KR Mayers,1,1,1.0,0,7,0,,,7.0,,0,0,,LSG,2023-03-01,2023-04-01
JD Unadkat,1,1,3.0,0,39,0,,,13.0,,0,0,,LSG,2023-03-01,2023-04-01
A Badoni,1,,,,,,,,,,,,,LSG,2023-03-01,2023-04-01
DJ Hooda,1,,,,,,,,,,,,,LSG,2023-03-01,2023-04-01
KH Pandya,1,,,,,,,,,,,,,LSG,2023-03-01,2023-04-01
N Pooran,1,,,,,,,,,,,,,LSG,2023-03-01,2023-04-01
KL Rahul,1,,,,,,,,,,,,,LSG,2023-03-01,2023-04-01
MP Stoinis,1,,,,,,,,,,,,,LSG,2023-03-01,2023-04-01
AS Joseph,1,1,4.0,0,33,2,2/33,16.5,8.25,12.0,0,0,,GT,2023-03-01,2023-04-01
Mohammed Shami,1,1,4.0,0,29,2,2/29,14.5,7.25,12.0,0,0,,GT,2023-03-01,2023-04-01
Rashid Khan,1,1,4.0,0,26,2,2/26,13.0,6.5,12.0,0,0,,GT,2023-03-01,2023-04-01
JB Little,1,1,4.0,0,41,1,1/41,41.0,10.25,24.0,0,0,,GT,2023-03-01,2023-04-01
HH Pandya,1,1,3.0,0,28,0,,,9.33,,0,0,,GT,2023-03-01,2023-04-01
Yash Dayal,1,1,1.0,0,14,0,,,14.0,,0,0,,GT,2023-03-01,2023-04-01
WP Saha,1,,,,,,,,,,,,,GT,2023-03-01,2023-04-01
B Sai Sudharsan,1,,,,,,,,,,,,,GT,2023-03-01,2023-04-01
V Shankar,1,,,,,,,,,,,,,GT,2023-03-01,2023-04-01
Shubman Gill,1,,,,,,,,,,,,,GT,2023-03-01,2023-04-01
R Tewatia,1,,,,,,,,,,,,,GT,2023-03-01,2023-04-01
KS Williamson,1,,,,,,,,,,,,,GT,2023-03-01,2023-04-01
KK Ahmed,1,1,4.0,0,30,2,2/30,15.0,7.5,12.0,0,0,,DC,2023-03-01,2023-04-01
C Sakariya,1,1,4.0,0,53,2,2/53,26.5,13.25,12.0,0,0,,DC,2023-03-01,2023-04-01
Kuldeep Yadav,1,1,4.0,0,35,1,1/35,35.0,8.75,24.0,0,0,,DC,2023-03-01,2023-04-01
AR Patel,1,1,4.0,0,38,1,1/38,38.0,9.5,24.0,0,0,,DC,2023-03-01,2023-04-01
Mukesh Kumar,1,1,4.0,0,34,0,,,8.5,,0,0,,DC,2023-03-01,2023-04-01
Aman Hakim Khan,1,,,,,,,,,,,,,DC,2023-03-01,2023-04-01
SN Khan,1,,,,,,,,,,,,,DC,2023-03-01,2023-04-01
MR Marsh,1,,,,,,,,,,,,,DC,2023-03-01,2023-04-01
R Powell,1,,,,,,,,,,,,,DC,2023-03-01,2023-04-01
RR Rossouw,1,,,,,,,,,,,,,DC,2023-03-01,2023-04-01
PP Shaw,1,,,,,,,,,,,,,DC,2023-03-01,2023-04-01
DA Warner,1,,,,,,,,,,,,,DC,2023-03-01,2023-04-01
RS Hangargekar,1,1,4.0,0,36,3,3/36,12.0,9.0,8.0,0,0,,CSK,2023-03-01,2023-04-01
TU Deshpande,1,1,3.2,0,51,1,1/51,51.0,15.3,20.0,0,0,,CSK,2023-03-01,2023-04-01
RA Jadeja,1,1,4.0,0,28,1,1/28,28.0,7.0,24.0,0,0,,CSK,2023-03-01,2023-04-01
DL Chahar,1,1,4.0,0,29,0,,,7.25,,0,0,,CSK,2023-03-01,2023-04-01
MJ Santner,1,1,4.0,0,32,0,,,8.0,,0,0,,CSK,2023-03-01,2023-04-01
MM Ali,1,,,,,,,,,,,,,CSK,2023-03-01,2023-04-01
DP Conway,1,,,,,,,,,,,,,CSK,2023-03-01,2023-04-01
MS Dhoni,1,,,,,,,,,,,,,CSK,2023-03-01,2023-04-01
S Dube,1,,,,,,,,,,,,,CSK,2023-03-01,2023-04-01
RD Gaikwad,1,,,,,,,,,,,,,CSK,2023-03-01,2023-04-01
AT Rayudu,1,,,,,,,,,,,,,CSK,2023-03-01,2023-04-01
BA Stokes,1,,,,,,,,,,,,,CSK,2023-03-01,2023-04-01
TG Southee,1,1,4.0,0,54,2,2/54,27.0,13.5,12.0,0,0,,KKR,2023-03-01,2023-04-01
SP Narine,1,1,4.0,0,40,1,1/40,40.0,10.0,24.0,0,0,,KKR,2023-03-01,2023-04-01
CV Varun,1,1,4.0,0,26,1,1/26,26.0,6.5,24.0,0,0,,KKR,2023-03-01,2023-04-01
UT Yadav,1,1,4.0,0,27,1,1/27,27.0,6.75,24.0,0,0,,KKR,2023-03-01,2023-04-01
SN Thakur,1,1,4.0,0,43,0,,,10.75,,0,0,,KKR,2023-03-01,2023-04-01
VR Iyer,1,,,,,,,,,,,,,KKR,2023-03-01,2023-04-01
Mandeep Singh,1,,,,,,,,,,,,,KKR,2023-03-01,2023-04-01
Rahmanullah Gurbaz,1,,,,,,,,,,,,,KKR,2023-03-01,2023-04-01
N Rana,1,,,,,,,,,,,,,KKR,2023-03-01,2023-04-01
AS Roy,1,,,,,,,,,,,,,KKR,2023-03-01,2023-04-01
AD Russell,1,,,,,,,,,,,,,KKR,2023-03-01,2023-04-01
RK Singh,1,,,,,,,,,,,,,KKR,2023-03-01,2023-04-01
Mohammed Siraj,9,9,35.0,0,257,15,4/21,17.13,7.34,14.0,1,0,,RCB,2023-04-01,2023-05-01
HV Patel,9,9,33.3,0,315,11,3/32,28.63,9.4,18.2,0,0,,RCB,2023-04-01,2023-05-01
PW Hasaranga,6,6,21.0,0,173,7,2/24,24.71,8.23,18.0,0,0,,RCB,2023-04-01,2023-05-01
KV Sharma,4,4,14.0,0,126,7,2/20,18.0,9.0,12.0,0,0,,RCB,2023-04-01,2023-05-01
WD Parnell,4,4,15.0,0,149,6,3/41,24.83,9.93,15.0,0,0,,RCB,2023-04-01,2023-05-01
V Vyshak,5,5,17.0,0,176,6,3/20,29.33,10.35,17.0,0,0,,RCB,2023-04-01,2023-05-01
DJ Willey,4,4,15.0,1,105,3,2/16,35.0,7.0,30.0,0,0,,RCB,2023-04-01,2023-05-01
MG Bracewell,2,2,5.0,0,50,2,1/16,25.0,10.0,15.0,0,0,,RCB,2023-04-01,2023-05-01
JR Hazlewood,1,1,3.0,0,15,2,2/15,7.5,5.0,9.0,0,0,,RCB,2023-04-01,2023-05-01
GJ Maxwell,9,5,7.4,0,77,2,1/3,38.5,10.04,23.0,0,0,,RCB,2023-04-01,2023-05-01
Akash Deep,2,2,5.0,0,59,1,1/29,59.0,11.8,30.0,0,0,,RCB,2023-04-01,2023-05-01
RJW Topley,1,1,2.0,0,14,1,1/14,14.0,7.0,12.0,0,0,,RCB,2023-04-01,2023-05-01
MK Lomror,7,1,1.0,0,4,0,,,4.0,,0,0,,RCB,2023-04-01,2023-05-01
Shahbaz Ahmed,8,4,4.0,0,57,0,,,14.25,,0,0,,RCB,2023-04-01,2023-05-01
Anuj Rawat,4,,,,,,,,,,,,,RCB,2023-04-01,2023-05-01
F du Plessis,9,,,,,,,,,,,,,RCB,2023-04-01,2023-05-01
KD Karthik,9,,,,,,,,,,,,,RCB,2023-04-01,2023-05-01
V Kohli,9,,,,,,,,,,,,,RCB,2023-04-01,2023-05-01
SS Prabhudessai,5,,,,,,,,,,,,,RCB,2023-04-01,2023-05-01
Arshdeep Singh,9,9,33.0,0,295,15,4/29,19.66,8.93,13.2,1,0,,PBKS,2023-04-01,2023-05-01
SM Curran,9,9,31.5,0,304,7,3/31,43.42,9.54,27.2,0,0,,PBKS,2023-04-01,2023-05-01
NT Ellis,5,5,18.0,0,170,7,4/30,24.28,9.44,15.4,1,0,,PBKS,2023-04-01,2023-05-01
K Rabada,4,4,16.0,0,156,5,2/34,31.2,9.75,19.2,0,0,,PBKS,2023-04-01,2023-05-01
Harpreet Brar,8,7,17.1,0,124,4,2/31,31.0,7.22,25.7,0,0,,PBKS,2023-04-01,2023-05-01
RD Chahar,9,9,31.0,0,253,3,1/12,84.33,8.16,62.0,0,0,,PBKS,2023-04-01,2023-05-01
Sikandar Raza,6,5,11.0,0,116,3,1/19,38.66,10.54,22.0,0,0,,PBKS,2023-04-01,2023-05-01
LS Livingstone,4,4,5.0,0,67,2,1/19,33.5,13.4,15.0,0,0,,PBKS,2023-04-01,2023-05-01
R Dhawan,3,1,1.0,0,15,0,,,15.0,,0,0,,PBKS,2023-04-01,2023-05-01
Gurnoor Brar,1,1,3.0,0,42,0,,,14.0,,0,0,,PBKS,2023-04-01,2023-05-01
Mohit Rathee,1,1,2.0,0,29,0,,,14.5,,0,0,,PBKS,2023-04-01,2023-05-01
MW Short,5,3,4.0,0,25,0,,,6.25,,0,0,,PBKS,2023-04-01,2023-05-01
S Dhawan,6,,,,,,,,,,,,,PBKS,2023-04-01,2023-05-01
Harpreet Singh,3,,,,,,,,,,,,,PBKS,2023-04-01,2023-05-01
Prabhsimran Singh,9,,,,,,,,,,,,,PBKS,2023-04-01,2023-05-01
PBB Rajapaksa,3,,,,,,,,,,,,,PBKS,2023-04-01,2023-05-01
M Shahrukh Khan,9,,,,,,,,,,,,,PBKS,2023-04-01,2023-05-01
JM Sharma,9,,,,,,,,,,,,,PBKS,2023-04-01,2023-05-01
A Taide,5,,,,,,,,,,,,,PBKS,2023-04-01,2023-05-01
PP Chawla,8,8,31.0,0,226,13,3/22,17.38,7.29,14.3,0,0,,MI,2023-04-01,2023-05-01
JP Behrendorff,6,6,20.0,0,199,8,3/23,24.87,9.95,15.0,0,0,,MI,2023-04-01,2023-05-01
RP Meredith,5,5,19.4,0,207,7,2/33,29.57,10.52,16.8,0,0,,MI,2023-04-01,2023-05-01
C Green,8,8,23.0,0,240,5,2/41,48.0,10.43,27.6,0,0,,MI,2023-04-01,2023-05-01
Arshad Khan,4,4,8.3,0,114,4,3/39,28.5,13.41,12.7,0,0,,MI,2023-04-01,2023-05-01
HR Shokeen,6,6,15.0,0,149,3,2/34,49.66,9.93,30.0,0,0,,MI,2023-04-01,2023-05-01
AS Tendulkar,4,4,9.5,0,92,3,1/9,30.66,9.35,19.6,0,0,,MI,2023-04-01,2023-05-01
JC Archer,3,3,12.0,0,110,2,1/35,55.0,9.16,36.0,0,0,,MI,2023-04-01,2023-05-01
K Kartikeya,3,3,10.0,0,77,2,1/24,38.5,7.7,30.0,0,0,,MI,2023-04-01,2023-05-01
D Jansen,1,1,4.0,0,53,1,1/53,53.0,13.25,24.0,0,0,,MI,2023-04-01,2023-05-01
NT Tilak Varma,8,1,1.0,0,7,0,,,7.0,,0,0,,MI,2023-04-01,2023-05-01
TH David,8,,,,,,,,,,,,,MI,2023-04-01,2023-05-01
Ishan Kishan,8,,,,,,,,,,,,,MI,2023-04-01,2023-05-01
RG Sharma,8,,,,,,,,,,,,,MI,2023-04-01,2023-05-01
T Stubbs,1,,,,,,,,,,,,,MI,2023-04-01,2023-05-01
N Wadhera,6,,,,,,,,,,,,,MI,2023-04-01,2023-05-01
SA Yadav,8,,,,,,,,,,,,,MI,2023-04-01,2023-05-01
Ravi Bishnoi,9,9,34.3,0,268,12,3/28,22.33,7.76,17.2,0,0,,LSG,2023-04-01,2023-05-01
MA Wood,4,4,16.0,1,130,11,5/14,11.81,8.12,8.7,0,1,,LSG,2023-04-01,2023-05-01
Naveen-ul-Haq,4,4,16.0,0,98,7,3/30,14.0,6.12,13.7,0,0,,LSG,2023-04-01,2023-05-01
Avesh Khan,7,7,23.0,0,219,6,3/25,36.5,9.52,23.0,0,0,,LSG,2023-04-01,2023-05-01
A Mishra,6,6,15.0,0,109,6,2/21,18.16,7.26,15.0,0,0,,LSG,2023-04-01,2023-05-01
KH Pandya,9,7,22.0,0,156,6,3/18,26.0,7.09,22.0,0,0,,LSG,2023-04-01,2023-05-01
MP Stoinis,9,4,9.5,0,80,5,2/20,16.0,8.13,11.8,0,0,,LSG,2023-04-01,2023-05-01
Yash Thakur,4,4,12.5,0,108,5,4/37,21.6,8.41,15.4,1,0,,LSG,2023-04-01,2023-05-01
K Gowtham,4,4,11.0,0,84,2,1/10,42.0,7.63,33.0,0,0,,LSG,2023-04-01,2023-05-01
Yudhvir Singh,2,2,5.0,0,46,2,2/19,23.0,9.2,15.0,0,0,,LSG,2023-04-01,2023-05-01
A Badoni,9,1,0.1,0,0,0,,,0.0,,0,0,,LSG,2023-04-01,2023-05-01
DJ Hooda,9,1,1.0,0,8,0,,,8.0,,0,0,,LSG,2023-04-01,2023-05-01
KR Mayers,9,4,5.0,0,32,0,,,6.4,,0,0,,LSG,2023-04-01,2023-05-01
JD Unadkat,3,3,8.0,0,92,0,,,11.5,,0,0,,LSG,2023-04-01,2023-05-01
PN Mankad,1,,,,,,,,,,,,,LSG,2023-04-01,2023-05-01
N Pooran,9,,,,,,,,,,,,,LSG,2023-04-01,2023-05-01
KL Rahul,9,,,,,,,,,,,,,LSG,2023-04-01,2023-05-01
R Shepherd,1,,,,,,,,,,,,,LSG,2023-04-01,2023-05-01
Rashid Khan,7,7,28.0,0,254,12,3/31,21.16,9.07,14.0,0,0,,GT,2023-04-01,2023-05-01
Mohammed Shami,7,7,27.0,2,207,11,3/25,18.81,7.66,14.7,0,0,,GT,2023-04-01,2023-05-01
Noor Ahmad,4,4,14.2,0,105,8,3/37,13.12,7.32,10.7,0,0,,GT,2023-04-01,2023-05-01
MM Sharma,5,5,14.0,0,92,6,2/17,15.33,6.57,14.0,0,0,,GT,2023-04-01,2023-05-01
AS Joseph,4,4,15.0,0,135,5,2/27,27.0,9.0,18.0,0,0,,GT,2023-04-01,2023-05-01
JB Little,5,5,18.0,0,146,4,2/25,36.5,8.11,27.0,0,0,,GT,2023-04-01,2023-05-01
HH Pandya,6,5,13.0,0,93,2,1/10,46.5,7.15,39.0,0,0,,GT,2023-04-01,2023-05-01
R Tewatia,7,1,1.0,0,8,0,,,8.0,,0,0,,GT,2023-04-01,2023-05-01
J Yadav,1,1,4.0,0,26,0,,,6.5,,0,0,,GT,2023-04-01,2023-05-01
Yash Dayal,2,2,5.0,0,81,0,,,16.2,,0,0,,GT,2023-04-01,2023-05-01
A Manohar,5,,,,,,,,,,,,,GT,2023-04-01,2023-05-01
DA Miller,7,,,,,,,,,,,,,GT,2023-04-01,2023-05-01
WP Saha,7,,,,,,,,,,,,,GT,2023-04-01,2023-05-01
B Sai Sudharsan,4,,,,,,,,,,,,,GT,2023-04-01,2023-05-01
V Shankar,5,,,,,,,,,,,,,GT,2023-04-01,2023-05-01
Shubman Gill,7,,,,,,,,,,,,,GT,2023-04-01,2023-05-01
Kuldeep Yadav,8,8,27.0,1,194,7,2/15,27.71,7.18,23.1,0,0,,DC,2023-04-01,2023-05-01
MR Marsh,6,5,13.1,1,110,7,4/27,15.71,8.35,11.2,1,0,,DC,2023-04-01,2023-05-01
AR Patel,8,7,26.0,0,184,7,2/13,26.28,7.07,22.2,0,0,,DC,2023-04-01,2023-05-01
A Nortje,7,7,28.0,0,246,6,2/20,41.0,8.78,28.0,0,0,,DC,2023-04-01,2023-05-01
Mukesh Kumar,7,7,23.0,0,241,5,2/30,48.2,10.47,27.6,0,0,,DC,2023-04-01,2023-05-01
I Sharma,3,3,10.0,0,68,4,2/19,17.0,6.8,15.0,0,0,,DC,2023-04-01,2023-05-01
KK Ahmed,3,3,10.0,0,99,3,2/30,33.0,9.9,20.0,0,0,,DC,2023-04-01,2023-05-01
C Sakariya,1,1,4.0,0,53,2,2/53,26.5,13.25,12.0,0,0,,DC,2023-04-01,2023-05-01
Mustafizur Rahman,2,2,7.0,0,79,1,1/38,79.0,11.28,42.0,0,0,,DC,2023-04-01,2023-05-01
R Powell,3,1,2.0,0,18,1,1/18,18.0,9.0,12.0,0,0,,DC,2023-04-01,2023-05-01
Lalit Yadav,4,2,8.0,0,52,1,1/29,52.0,6.5,48.0,0,0,,DC,2023-04-01,2023-05-01
Abishek Porel,4,,,,,,,,,,,,,DC,2023-04-01,2023-05-01
Aman Hakim Khan,5,,,,,,,,,,,,,DC,2023-04-01,2023-05-01
YV Dhull,2,,,,,,,,,,,,,DC,2023-04-01,2023-05-01
PK Garg,1,,,,,,,,,,,,,DC,2023-04-01,2023-05-01
SN Khan,4,,,,,,,,,,,,,DC,2023-04-01,2023-05-01
MK Pandey,6,,,,,,,,,,,,,DC,2023-04-01,2023-05-01
RV Patel,2,,,,,,,,,,,,,DC,2023-04-01,2023-05-01
RR Rossouw,3,,,,,,,,,,,,,DC,2023-04-01,2023-05-01
PD Salt,3,,,,,,,,,,,,,DC,2023-04-01,2023-05-01
PP Shaw,6,,,,,,,,,,,,,DC,2023-04-01,2023-05-01
DA Warner,8,,,,,,,,,,,,,DC,2023-04-01,2023-05-01
TU Deshpande,8,8,30.0,0,318,16,3/45,19.87,10.6,11.2,0,0,,CSK,2023-04-01,2023-05-01
RA Jadeja,8,8,28.0,0,212,12,3/20,17.66,7.57,14.0,0,0,,CSK,2023-04-01,2023-05-01
MM Ali,7,7,13.0,0,125,7,4/26,17.85,9.61,11.1,1,0,,CSK,2023-04-01,2023-05-01
Akash Singh,6,6,19.0,0,188,5,2/40,37.6,9.89,22.8,0,0,,CSK,2023-04-01,2023-05-01
M Pathirana,5,5,20.0,0,171,5,2/42,34.2,8.55,24.0,0,0,,CSK,2023-04-01,2023-05-01
M Theekshana,6,6,24.0,0,202,5,2/32,40.4,8.41,28.8,0,0,,CSK,2023-04-01,2023-05-01
MJ Santner,2,2,8.0,0,49,3,2/28,16.33,6.12,16.0,0,0,,CSK,2023-04-01,2023-05-01
SSB Magala,2,2,6.0,0,51,1,1/37,51.0,8.5,36.0,0,0,,CSK,2023-04-01,2023-05-01
DL Chahar,2,2,5.0,0,65,0,,,13.0,,0,0,,CSK,2023-04-01,2023-05-01
RS Hangargekar,1,1,2.0,0,24,0,,,12.0,,0,0,,CSK,2023-04-01,2023-05-01
D Pretorius,1,1,4.0,0,28,0,,,7.0,,0,0,,CSK,2023-04-01,2023-05-01
BA Stokes,1,1,1.0,0,18,0,,,18.0,,0,0,,CSK,2023-04-01,2023-05-01
DP Conway,8,,,,,,,,,,,,,CSK,2023-04-01,2023-05-01
MS Dhoni,8,,,,,,,,,,,,,CSK,2023-04-01,2023-05-01
S Dube,8,,,,,,,,,,,,,CSK,2023-04-01,2023-05-01
RD Gaikwad,8,,,,,,,,,,,,,CSK,2023-04-01,2023-05-01
AM Rahane,7,,,,,,,,,,,,,CSK,2023-04-01,2023-05-01
AT Rayudu,8,,,,,,,,,,,,,CSK,2023-04-01,2023-05-01
R Ashwin,9,9,36.0,0,260,13,2/23,20.0,7.22,16.6,0,0,,RR,2023-04-01,2023-05-01
YS Chahal,9,9,33.0,0,279,12,4/17,23.25,8.45,16.5,1,0,,RR,2023-04-01,2023-05-01
TA Boult,7,7,28.0,3,234,10,3/29,23.4,8.35,16.8,0,0,,RR,2023-04-01,2023-05-01
Sandeep Sharma,7,7,27.0,0,215,8,2/25,26.87,7.96,20.2,0,0,,RR,2023-04-01,2023-05-01
A Zampa,3,3,11.0,0,97,5,3/22,19.4,8.81,13.2,0,0,,RR,2023-04-01,2023-05-01
JO Holder,8,8,28.3,0,284,4,2/29,71.0,9.96,42.7,0,0,,RR,2023-04-01,2023-05-01
K Yadav,1,1,3.0,0,18,1,1/18,18.0,6.0,18.0,0,0,,RR,2023-04-01,2023-05-01
M Ashwin,1,1,1.0,0,11,0,,,11.0,,0,0,,RR,2023-04-01,2023-05-01
KM Asif,2,2,7.0,0,69,0,,,9.85,,0,0,,RR,2023-04-01,2023-05-01
NA Saini,1,1,2.0,0,34,0,,,17.0,,0,0,,RR,2023-04-01,2023-05-01
KR Sen,2,2,3.0,0,28,0,,,9.33,,0,0,,RR,2023-04-01,2023-05-01
Abdul Basith,1,,,,,,,,,,,,,RR,2023-04-01,2023-05-01
JC Buttler,9,,,,,,,,,,,,,RR,2023-04-01,2023-05-01
SO Hetmyer,9,,,,,,,,,,,,,RR,2023-04-01,2023-05-01
YBK Jaiswal,9,,,,,,,,,,,,,RR,2023-04-01,2023-05-01
DC Jurel,8,,,,,,,,,,,,,RR,2023-04-01,2023-05-01
D Padikkal,8,,,,,,,,,,,,,RR,2023-04-01,2023-05-01
R Parag,5,,,,,,,,,,,,,RR,2023-04-01,2023-05-01
SV Samson,9,,,,,,,,,,,,,RR,2023-04-01,2023-05-01
CV Varun,9,9,33.4,1,281,13,4/15,21.61,8.34,15.5,1,0,,KKR,2023-04-01,2023-05-01
Suyash Sharma,7,7,28.0,0,232,9,3/30,25.77,8.28,18.6,0,0,,KKR,2023-04-01,2023-05-01
SP Narine,9,9,32.0,0,282,7,3/33,40.28,8.81,27.4,0,0,,KKR,2023-04-01,2023-05-01
AD Russell,9,6,12.1,0,126,6,3/22,21.0,10.35,12.1,0,0,,KKR,2023-04-01,2023-05-01
K Khejroliya,2,2,4.2,0,64,2,2/44,32.0,14.76,13.0,0,0,,KKR,2023-04-01,2023-05-01
N Rana,9,3,5.5,0,39,2,2/17,19.5,6.68,17.5,0,0,,KKR,2023-04-01,2023-05-01
AS Roy,2,1,4.0,0,19,2,2/19,9.5,4.75,12.0,0,0,,KKR,2023-04-01,2023-05-01
TG Southee,2,2,6.0,0,79,2,2/54,39.5,13.16,18.0,0,0,,KKR,2023-04-01,2023-05-01
SN Thakur,6,5,11.5,0,137,2,1/15,68.5,11.57,35.5,0,0,,KKR,2023-04-01,2023-05-01
LH Ferguson,3,3,7.4,0,96,1,1/19,96.0,12.52,46.0,0,0,,KKR,2023-04-01,2023-05-01
Harshit Rana,1,1,3.0,0,25,1,1/25,25.0,8.33,18.0,0,0,,KKR,2023-04-01,2023-05-01
UT Yadav,8,8,19.0,0,189,1,1/27,189.0,9.94,114.0,0,0,,KKR,2023-04-01,2023-05-01
VG Arora,1,1,2.0,0,22,0,,,11.0,,0,0,,KKR,2023-04-01,2023-05-01
D Wiese,3,1,3.0,0,38,0,,,12.66,,0,0,,KKR,2023-04-01,2023-05-01
VR Iyer,9,,,,,,,,,,,,,KKR,2023-04-01,2023-05-01
N Jagadeesan,6,,,,,,,,,,,,,KKR,2023-04-01,2023-05-01
Litton Das,1,,,,,,,,,,,,,KKR,2023-04-01,2023-05-01
Mandeep Singh,3,,,,,,,,,,,,,KKR,2023-04-01,2023-05-01
Rahmanullah Gurbaz,6,,,,,,,,,,,,,KKR,2023-04-01,2023-05-01
JJ Roy,3,,,,,,,,,,,,,KKR,2023-04-01,2023-05-01
RK Singh,9,,,,,,,,,,,,,KKR,2023-04-01,2023-05-01
Mohammed Siraj,6,6,18.0,0,142,5,2/32,28.4,7.88,21.6,0,0,,RCB,2023-05-01,2023-06-01
KV Sharma,4,4,11.3,0,117,5,2/19,23.4,10.17,13.8,0,0,,RCB,2023-05-01,2023-06-01
MG Bracewell,3,3,6.0,0,45,4,2/13,11.25,7.5,9.0,0,0,,RCB,2023-05-01,2023-06-01
HV Patel,6,5,17.2,0,159,4,1/20,39.75,9.17,26.0,0,0,,RCB,2023-05-01,2023-06-01
PW Hasaranga,3,3,12.0,0,105,3,2/53,35.0,8.75,24.0,0,0,,RCB,2023-05-01,2023-06-01
JR Hazlewood,3,3,9.0,0,76,3,2/15,25.33,8.44,18.0,0,0,,RCB,2023-05-01,2023-06-01
WD Parnell,3,3,10.1,0,87,3,3/10,29.0,8.55,20.3,0,0,,RCB,2023-05-01,2023-06-01
V Vyshak,2,2,7.0,0,77,3,2/37,25.66,11.0,14.0,0,0,,RCB,2023-05-01,2023-06-01
GJ Maxwell,6,3,3.4,0,20,2,1/3,10.0,5.45,11.0,0,0,,RCB,2023-05-01,2023-06-01
Shahbaz Ahmed,2,1,3.0,0,38,1,1/38,38.0,12.66,18.0,0,0,,RCB,2023-05-01,2023-06-01
MK Lomror,6,2,2.0,0,17,0,,,8.5,,0,0,,RCB,2023-05-01,2023-06-01
H Sharma,1,1,3.0,0,28,0,,,9.33,,0,0,,RCB,2023-05-01,2023-06-01
Anuj Rawat,6,,,,,,,,,,,,,RCB,2023-05-01,2023-06-01
F du Plessis,6,,,,,,,,,,,,,RCB,2023-05-01,2023-06-01
KM Jadhav,2,,,,,,,,,,,,,RCB,2023-05-01,2023-06-01
KD Karthik,5,,,,,,,,,,,,,RCB,2023-05-01,2023-06-01
V Kohli,6,,,,,,,,,,,,,RCB,2023-05-01,2023-06-01
SS Prabhudessai,1,,,,,,,,,,,,,RCB,2023-05-01,2023-06-01
NT Ellis,5,5,20.0,0,169,6,2/26,28.16,8.45,20.0,0,0,,PBKS,2023-05-01,2023-06-01
RD Chahar,5,5,18.4,0,132,5,2/16,26.4,7.07,22.4,0,0,,PBKS,2023-05-01,2023-06-01
Harpreet Brar,5,4,10.0,0,94,5,4/30,18.8,9.4,12.0,1,0,,PBKS,2023-05-01,2023-06-01
SM Curran,5,5,16.0,0,185,3,2/36,61.66,11.56,32.0,0,0,,PBKS,2023-05-01,2023-06-01
Arshdeep Singh,5,5,17.5,0,198,2,1/40,99.0,11.1,53.5,0,0,,PBKS,2023-05-01,2023-06-01
K Rabada,2,2,7.0,0,76,2,2/40,38.0,10.85,21.0,0,0,,PBKS,2023-05-01,2023-06-01
R Dhawan,3,3,6.0,0,45,1,1/20,45.0,7.5,36.0,0,0,,PBKS,2023-05-01,2023-06-01
LS Livingstone,5,1,2.0,0,27,0,,,13.5,,0,0,,PBKS,2023-05-01,2023-06-01
Sikandar Raza,1,1,1.0,0,3,0,,,3.0,,0,0,,PBKS,2023-05-01,2023-06-01
S Dhawan,5,,,,,,,,,,,,,PBKS,2023-05-01,2023-06-01
Prabhsimran Singh,5,,,,,,,,,,,,,PBKS,2023-05-01,2023-06-01
PBB Rajapaksa,1,,,,,,,,,,,,,PBKS,2023-05-01,2023-06-01
M Shahrukh Khan,5,,,,,,,,,,,,,PBKS,2023-05-01,2023-06-01
JM Sharma,5,,,,,,,,,,,,,PBKS,2023-05-01,2023-06-01
MW Short,1,,,,,,,,,,,,,PBKS,2023-05-01,2023-06-01
A Taide,2,,,,,,,,,,,,,PBKS,2023-05-01,2023-06-01
A Madhwal,8,8,25.3,0,219,14,5/5,15.64,8.58,10.9,1,1,,MI,2023-05-01,2023-06-01
PP Chawla,8,8,30.0,0,269,9,2/25,29.88,8.96,20.0,0,0,,MI,2023-05-01,2023-06-01
JP Behrendorff,6,6,22.0,0,188,6,3/36,31.33,8.54,22.0,0,0,,MI,2023-05-01,2023-06-01
CJ Jordan,6,6,22.0,1,237,3,1/7,79.0,10.77,44.0,0,0,,MI,2023-05-01,2023-06-01
K Kartikeya,5,5,16.0,0,150,3,2/37,50.0,9.37,32.0,0,0,,MI,2023-05-01,2023-06-01
Arshad Khan,2,2,5.4,0,76,1,1/48,76.0,13.41,34.0,0,0,,MI,2023-05-01,2023-06-01
C Green,8,8,15.0,0,121,1,1/15,121.0,8.06,90.0,0,0,,MI,2023-05-01,2023-06-01
T Stubbs,1,1,2.0,0,14,1,1/14,14.0,7.0,12.0,0,0,,MI,2023-05-01,2023-06-01
JC Archer,2,2,8.0,0,80,0,,,10.0,,0,0,,MI,2023-05-01,2023-06-01
R Goyal,1,1,4.0,0,33,0,,,8.25,,0,0,,MI,2023-05-01,2023-06-01
HR Shokeen,2,2,4.0,0,38,0,,,9.5,,0,0,,MI,2023-05-01,2023-06-01
TH David,8,,,,,,,,,,,,,MI,2023-05-01,2023-06-01
Ishan Kishan,8,,,,,,,,,,,,,MI,2023-05-01,2023-06-01
RG Sharma,8,,,,,,,,,,,,,MI,2023-05-01,2023-06-01
NT Tilak Varma,3,,,,,,,,,,,,,MI,2023-05-01,2023-06-01
Vishnu Vinod,3,,,,,,,,,,,,,MI,2023-05-01,2023-06-01
N Wadhera,8,,,,,,,,,,,,,MI,2023-05-01,2023-06-01
SA Yadav,8,,,,,,,,,,,,,MI,2023-05-01,2023-06-01
Yash Thakur,6,6,21.0,0,193,8,3/34,24.12,9.19,15.7,0,0,,LSG,2023-05-01,2023-06-01
Naveen-ul-Haq,5,4,16.0,0,151,7,4/38,21.57,9.43,13.7,1,0,,LSG,2023-05-01,2023-06-01
Ravi Bishnoi,7,6,20.0,0,144,6,2/21,24.0,7.2,20.0,0,0,,LSG,2023-05-01,2023-06-01
A Mishra,2,2,7.0,0,61,3,2/21,20.33,8.71,14.0,0,0,,LSG,2023-05-01,2023-06-01
Mohsin Khan,5,4,10.0,0,107,3,1/24,35.66,10.7,20.0,0,0,,LSG,2023-05-01,2023-06-01
KH Pandya,7,6,24.0,0,178,3,2/24,59.33,7.41,48.0,0,0,,LSG,2023-05-01,2023-06-01
Avesh Khan,2,2,6.0,0,64,2,1/30,32.0,10.66,18.0,0,0,,LSG,2023-05-01,2023-06-01
K Gowtham,4,3,7.0,0,44,2,1/10,22.0,6.28,21.0,0,0,,LSG,2023-05-01,2023-06-01
Yudhvir Singh,1,1,3.0,0,24,1,1/24,24.0,8.0,18.0,0,0,,LSG,2023-05-01,2023-06-01
KR Mayers,5,2,2.0,0,27,0,,,13.5,,0,0,,LSG,2023-05-01,2023-06-01
MP Stoinis,7,2,2.0,0,31,0,,,15.5,,0,0,,LSG,2023-05-01,2023-06-01
Swapnil Singh,2,2,2.0,0,18,0,,,9.0,,0,0,,LSG,2023-05-01,2023-06-01
A Badoni,7,,,,,,,,,,,,,LSG,2023-05-01,2023-06-01
Q de Kock,4,,,,,,,,,,,,,LSG,2023-05-01,2023-06-01
DJ Hooda,4,,,,,,,,,,,,,LSG,2023-05-01,2023-06-01
PN Mankad,4,,,,,,,,,,,,,LSG,2023-05-01,2023-06-01
N Pooran,7,,,,,,,,,,,,,LSG,2023-05-01,2023-06-01
KL Rahul,1,,,,,,,,,,,,,LSG,2023-05-01,2023-06-01
KS Sharma,2,,,,,,,,,,,,,LSG,2023-05-01,2023-06-01
M Vohra,1,,,,,,,,,,,,,LSG,2023-05-01,2023-06-01
MM Sharma,9,9,30.1,0,269,21,5/10,12.8,8.91,8.6,2,1,,GT,2023-05-01,2023-06-01
Mohammed Shami,9,9,34.0,0,286,15,4/11,19.06,8.41,13.6,2,0,,GT,2023-05-01,2023-06-01
Rashid Khan,9,9,35.0,0,272,13,4/30,20.92,7.77,16.1,1,0,,GT,2023-05-01,2023-06-01
Noor Ahmad,9,9,32.5,0,264,8,2/17,33.0,8.04,24.6,0,0,,GT,2023-05-01,2023-06-01
JB Little,4,4,12.0,0,107,2,1/24,53.5,8.91,36.0,0,0,,GT,2023-05-01,2023-06-01
Yash Dayal,2,2,8.0,0,70,2,1/31,35.0,8.75,24.0,0,0,,GT,2023-05-01,2023-06-01
DG Nalkande,1,1,4.0,0,44,1,1/44,44.0,11.0,24.0,0,0,,GT,2023-05-01,2023-06-01
HH Pandya,9,5,9.0,0,107,1,1/22,107.0,11.88,54.0,0,0,,GT,2023-05-01,2023-06-01
AS Joseph,2,2,5.0,0,57,0,,,11.4,,0,0,,GT,2023-05-01,2023-06-01
R Tewatia,9,1,1.1,0,7,0,,,6.0,,0,0,,GT,2023-05-01,2023-06-01
A Manohar,4,,,,,,,,,,,,,GT,2023-05-01,2023-06-01
DA Miller,9,,,,,,,,,,,,,GT,2023-05-01,2023-06-01
WP Saha,9,,,,,,,,,,,,,GT,2023-05-01,2023-06-01
B Sai Sudharsan,3,,,,,,,,,,,,,GT,2023-05-01,2023-06-01
MD Shanaka,3,,,,,,,,,,,,,GT,2023-05-01,2023-06-01
V Shankar,8,,,,,,,,,,,,,GT,2023-05-01,2023-06-01
Shubman Gill,9,,,,,,,,,,,,,GT,2023-05-01,2023-06-01
KK Ahmed,6,6,23.0,2,202,6,2/24,33.66,8.78,23.0,0,0,,DC,2023-05-01,2023-06-01
I Sharma,5,5,15.0,0,138,6,2/23,23.0,9.2,15.0,0,0,,DC,2023-05-01,2023-06-01
MR Marsh,3,3,7.0,0,60,5,3/18,12.0,8.57,8.4,0,0,,DC,2023-05-01,2023-06-01
A Nortje,3,3,12.0,0,118,4,2/36,29.5,9.83,18.0,0,0,,DC,2023-05-01,2023-06-01
AR Patel,6,6,21.0,0,154,4,2/27,38.5,7.33,31.5,0,0,,DC,2023-05-01,2023-06-01
Kuldeep Yadav,6,6,22.0,0,167,3,1/15,55.66,7.59,44.0,0,0,,DC,2023-05-01,2023-06-01
Mukesh Kumar,3,3,8.0,0,85,2,1/3,42.5,10.62,24.0,0,0,,DC,2023-05-01,2023-06-01
P Dubey,1,1,3.0,0,19,1,1/19,19.0,6.33,18.0,0,0,,DC,2023-05-01,2023-06-01
C Sakariya,1,1,4.0,0,36,1,1/36,36.0,9.0,24.0,0,0,,DC,2023-05-01,2023-06-01
Lalit Yadav,2,2,5.0,0,66,1,1/34,66.0,13.2,30.0,0,0,,DC,2023-05-01,2023-06-01
Aman Hakim Khan,6,,,,,,,,,,,,,DC,2023-05-01,2023-06-01
YV Dhull,2,,,,,,,,,,,,,DC,2023-05-01,2023-06-01
PK Garg,1,,,,,,,,,,,,,DC,2023-05-01,2023-06-01
MK Pandey,4,,,,,,,,,,,,,DC,2023-05-01,2023-06-01
RV Patel,3,,,,,,,,,,,,,DC,2023-05-01,2023-06-01
RR Rossouw,6,,,,,,,,,,,,,DC,2023-05-01,2023-06-01
PD Salt,6,,,,,,,,,,,,,DC,2023-05-01,2023-06-01
PP Shaw,2,,,,,,,,,,,,,DC,2023-05-01,2023-06-01
DA Warner,6,,,,,,,,,,,,,DC,2023-05-01,2023-06-01
M Pathirana,7,7,26.2,0,200,14,3/15,14.28,7.59,11.2,0,0,,CSK,2023-05-01,2023-06-01
DL Chahar,7,7,25.0,0,203,13,3/22,15.61,8.12,11.5,0,0,,CSK,2023-05-01,2023-06-01
RA Jadeja,7,7,25.0,0,191,7,2/18,27.28,7.64,21.4,0,0,,CSK,2023-05-01,2023-06-01
M Theekshana,7,7,25.0,1,190,6,2/23,31.66,7.6,25.0,0,0,,CSK,2023-05-01,2023-06-01
TU Deshpande,7,7,23.3,0,195,4,2/26,48.75,8.29,35.2,0,0,,CSK,2023-05-01,2023-06-01
MM Ali,7,4,13.0,0,70,2,2/13,35.0,5.38,39.0,0,0,,CSK,2023-05-01,2023-06-01
DP Conway,7,,,,,,,,,,,,,CSK,2023-05-01,2023-06-01
MS Dhoni,7,,,,,,,,,,,,,CSK,2023-05-01,2023-06-01
S Dube,7,,,,,,,,,,,,,CSK,2023-05-01,2023-06-01
RD Gaikwad,7,,,,,,,,,,,,,CSK,2023-05-01,2023-06-01
AM Rahane,7,,,,,,,,,,,,,CSK,2023-05-01,2023-06-01
AT Rayudu,7,,,,,,,,,,,,,CSK,2023-05-01,2023-06-01
YS Chahal,5,5,19.5,0,153,9,4/25,17.0,7.71,13.2,2,0,,RR,2023-05-01,2023-06-01
KM Asif,2,2,7.0,0,69,3,2/42,23.0,9.85,14.0,0,0,,RR,2023-05-01,2023-06-01
TA Boult,3,3,10.0,0,78,3,2/15,26.0,7.8,20.0,0,0,,RR,2023-05-01,2023-06-01
NA Saini,1,1,4.0,0,40,3,3/40,13.33,10.0,8.0,0,0,,RR,2023-05-01,2023-06-01
A Zampa,3,3,11.0,0,91,3,2/25,30.33,8.27,22.0,0,0,,RR,2023-05-01,2023-06-01
Sandeep Sharma,5,5,19.0,0,181,2,1/34,90.5,9.52,57.0,0,0,,RR,2023-05-01,2023-06-01
R Ashwin,4,4,13.0,0,108,1,1/35,108.0,8.3,78.0,0,0,,RR,2023-05-01,2023-06-01
K Yadav,1,1,4.0,0,50,1,1/50,50.0,12.5,24.0,0,0,,RR,2023-05-01,2023-06-01
M Ashwin,1,1,3.0,0,42,0,,,14.0,,0,0,,RR,2023-05-01,2023-06-01
OC McCoy,1,1,1.0,0,13,0,,,13.0,,0,0,,RR,2023-05-01,2023-06-01
JE Root,3,1,2.0,0,14,0,,,7.0,,0,0,,RR,2023-05-01,2023-06-01
JC Buttler,5,,,,,,,,,,,,,RR,2023-05-01,2023-06-01
SO Hetmyer,5,,,,,,,,,,,,,RR,2023-05-01,2023-06-01
YBK Jaiswal,5,,,,,,,,,,,,,RR,2023-05-01,2023-06-01
DC Jurel,5,,,,,,,,,,,,,RR,2023-05-01,2023-06-01
D Padikkal,3,,,,,,,,,,,,,RR,2023-05-01,2023-06-01
R Parag,2,,,,,,,,,,,,,RR,2023-05-01,2023-06-01
SV Samson,5,,,,,,,,,,,,,RR,2023-05-01,2023-06-01
CV Varun,5,5,19.0,0,148,7,3/26,21.14,7.78,16.2,0,0,,KKR,2023-05-01,2023-06-01
VG Arora,4,4,14.0,0,124,5,2/30,24.8,8.85,16.8,0,0,,KKR,2023-05-01,2023-06-01
SN Thakur,5,4,9.1,0,83,5,2/23,16.6,9.05,11.0,0,0,,KKR,2023-05-01,2023-06-01
Harshit Rana,5,5,14.0,0,122,4,2/33,30.5,8.71,21.0,0,0,,KKR,2023-05-01,2023-06-01
SP Narine,5,5,16.0,0,101,4,2/15,25.25,6.31,24.0,0,0,,KKR,2023-05-01,2023-06-01
N Rana,5,3,3.0,0,36,1,1/7,36.0,12.0,18.0,0,0,,KKR,2023-05-01,2023-06-01
AS Roy,2,2,4.0,0,46,1,1/26,46.0,11.5,24.0,0,0,,KKR,2023-05-01,2023-06-01
AD Russell,5,3,3.0,0,46,1,1/15,46.0,15.33,18.0,0,0,,KKR,2023-05-01,2023-06-01
Suyash Sharma,4,4,11.0,0,89,1,1/26,89.0,8.09,66.0,0,0,,KKR,2023-05-01,2023-06-01
VR Iyer,5,,,,,,,,,,,,,KKR,2023-05-01,2023-06-01
Rahmanullah Gurbaz,5,,,,,,,,,,,,,KKR,2023-05-01,2023-06-01
JJ Roy,5,,,,,,,,,,,,,KKR,2023-05-01,2023-06-01
RK Singh,5,,,,,,,,,,,,,KKR,2023-05-01,2023-06-01
Yash Dayal,3,3,11.0,0,97,3,1/23,32.33,8.81,22.0,0,0,,RCB,2024-03-01,2024-04-01
C Green,3,3,6.0,0,53,2,2/27,26.5,8.83,18.0,0,0,,RCB,2024-03-01,2024-04-01
GJ Maxwell,3,2,4.0,0,36,2,2/29,18.0,9.0,12.0,0,0,,RCB,2024-03-01,2024-04-01
Mohammed Siraj,3,3,11.0,0,110,2,2/26,55.0,10.0,33.0,0,0,,RCB,2024-03-01,2024-04-01
MJ Dagar,3,3,7.5,0,63,1,1/23,63.0,8.04,47.0,0,0,,RCB,2024-03-01,2024-04-01
AS Joseph,3,3,9.4,0,115,1,1/43,115.0,11.89,58.0,0,0,,RCB,2024-03-01,2024-04-01
KV Sharma,1,1,2.0,0,24,1,1/24,24.0,12.0,12.0,0,0,,RCB,2024-03-01,2024-04-01
V Vyshak,1,1,4.0,0,23,1,1/23,23.0,5.75,24.0,0,0,,RCB,2024-03-01,2024-04-01
Anuj Rawat,3,,,,,,,,,,,,,RCB,2024-03-01,2024-04-01
F du Plessis,3,,,,,,,,,,,,,RCB,2024-03-01,2024-04-01
KD Karthik,3,,,,,,,,,,,,,RCB,2024-03-01,2024-04-01
V Kohli,3,,,,,,,,,,,,,RCB,2024-03-01,2024-04-01
MK Lomror,1,,,,,,,,,,,,,RCB,2024-03-01,2024-04-01
RM Patidar,3,,,,,,,,,,,,,RCB,2024-03-01,2024-04-01
Arshdeep Singh,3,3,10.2,0,98,4,2/28,24.5,9.48,15.5,0,0,,PBKS,2024-03-01,2024-04-01
SM Curran,3,3,8.0,0,68,4,3/28,17.0,8.5,12.0,0,0,,PBKS,2024-03-01,2024-04-01
K Rabada,3,3,12.0,0,97,4,2/23,24.25,8.08,18.0,0,0,,PBKS,2024-03-01,2024-04-01
Harpreet Brar,3,3,9.0,0,41,3,2/13,13.66,4.55,18.0,0,0,,PBKS,2024-03-01,2024-04-01
HV Patel,3,3,12.0,0,137,3,2/47,45.66,11.41,24.0,0,0,,PBKS,2024-03-01,2024-04-01
RD Chahar,3,3,8.0,0,91,2,1/33,45.5,11.37,24.0,0,0,,PBKS,2024-03-01,2024-04-01
JM Bairstow,3,,,,,,,,,,,,,PBKS,2024-03-01,2024-04-01
S Dhawan,3,,,,,,,,,,,,,PBKS,2024-03-01,2024-04-01
LS Livingstone,3,,,,,,,,,,,,,PBKS,2024-03-01,2024-04-01
Prabhsimran Singh,3,,,,,,,,,,,,,PBKS,2024-03-01,2024-04-01
JM Sharma,3,,,,,,,,,,,,,PBKS,2024-03-01,2024-04-01
Shashank Singh,3,,,,,,,,,,,,,PBKS,2024-03-01,2024-04-01
JJ Bumrah,3,3,12.0,0,76,3,3/14,25.33,6.33,24.0,0,0,,MI,2024-03-01,2024-04-01
G Coetzee,3,3,10.3,0,120,3,2/27,40.0,11.42,21.0,0,0,,MI,2024-03-01,2024-04-01
A Madhwal,1,1,4.0,0,20,3,3/20,6.66,5.0,8.0,0,0,,MI,2024-03-01,2024-04-01
PP Chawla,3,3,8.0,0,83,2,1/31,41.5,10.37,24.0,0,0,,MI,2024-03-01,2024-04-01
KT Maphaka,2,2,6.0,0,89,1,1/23,89.0,14.83,36.0,0,0,,MI,2024-03-01,2024-04-01
HH Pandya,3,2,7.0,0,76,1,1/46,76.0,10.85,42.0,0,0,,MI,2024-03-01,2024-04-01
SZ Mulani,2,2,5.0,0,57,0,,,11.4,,0,0,,MI,2024-03-01,2024-04-01
Naman Dhir,3,1,1.0,0,13,0,,,13.0,,0,0,,MI,2024-03-01,2024-04-01
L Wood,1,1,2.0,0,25,0,,,12.5,,0,0,,MI,2024-03-01,2024-04-01
D Brevis,2,,,,,,,,,,,,,MI,2024-03-01,2024-04-01
TH David,3,,,,,,,,,,,,,MI,2024-03-01,2024-04-01
Ishan Kishan,3,,,,,,,,,,,,,MI,2024-03-01,2024-04-01
RG Sharma,3,,,,,,,,,,,,,MI,2024-03-01,2024-04-01
R Shepherd,1,,,,,,,,,,,,,MI,2024-03-01,2024-04-01
NT Tilak Varma,3,,,,,,,,,,,,,MI,2024-03-01,2024-04-01
Mohsin Khan,2,2,8.0,0,79,3,2/34,26.33,9.87,16.0,0,0,,LSG,2024-03-01,2024-04-01
MP Yadav,1,1,4.0,0,27,3,3/27,9.0,6.75,8.0,0,0,,LSG,2024-03-01,2024-04-01
Naveen-ul-Haq,2,2,8.0,0,84,2,2/41,42.0,10.5,24.0,0,0,,LSG,2024-03-01,2024-04-01
Ravi Bishnoi,2,2,7.0,0,63,1,1/38,63.0,9.0,42.0,0,0,,LSG,2024-03-01,2024-04-01
A Badoni,2,1,1.0,0,6,0,,,6.0,,0,0,,LSG,2024-03-01,2024-04-01
KH Pandya,2,2,7.0,0,45,0,,,6.42,,0,0,,LSG,2024-03-01,2024-04-01
M Siddharth,1,1,2.0,0,21,0,,,10.5,,0,0,,LSG,2024-03-01,2024-04-01
Yash Thakur,1,1,3.0,0,43,0,,,14.33,,0,0,,LSG,2024-03-01,2024-04-01
Q de Kock,2,,,,,,,,,,,,,LSG,2024-03-01,2024-04-01
DJ Hooda,1,,,,,,,,,,,,,LSG,2024-03-01,2024-04-01
D Padikkal,2,,,,,,,,,,,,,LSG,2024-03-01,2024-04-01
N Pooran,2,,,,,,,,,,,,,LSG,2024-03-01,2024-04-01
KL Rahul,2,,,,,,,,,,,,,LSG,2024-03-01,2024-04-01
MP Stoinis,2,,,,,,,,,,,,,LSG,2024-03-01,2024-04-01
MM Sharma,3,3,12.0,0,93,6,3/25,15.5,7.75,12.0,0,0,,GT,2024-03-01,2024-04-01
Azmatullah Omarzai,3,3,9.0,0,81,3,2/27,27.0,9.0,18.0,0,0,,GT,2024-03-01,2024-04-01
SH Johnson,2,2,6.0,0,60,3,2/25,20.0,10.0,12.0,0,0,,GT,2024-03-01,2024-04-01
Rashid Khan,3,3,12.0,0,105,3,2/49,35.0,8.75,24.0,0,0,,GT,2024-03-01,2024-04-01
UT Yadav,3,3,8.0,0,86,3,2/31,28.66,10.75,16.0,0,0,,GT,2024-03-01,2024-04-01
R Sai Kishore,2,2,7.0,0,52,2,1/24,26.0,7.42,21.0,0,0,,GT,2024-03-01,2024-04-01
Noor Ahmad,1,1,4.0,0,32,1,1/32,32.0,8.0,24.0,0,0,,GT,2024-03-01,2024-04-01
DG Nalkande,1,1,2.0,0,18,0,,,9.0,,0,0,,GT,2024-03-01,2024-04-01
DA Miller,3,,,,,,,,,,,,,GT,2024-03-01,2024-04-01
WP Saha,3,,,,,,,,,,,,,GT,2024-03-01,2024-04-01
B Sai Sudharsan,3,,,,,,,,,,,,,GT,2024-03-01,2024-04-01
V Shankar,3,,,,,,,,,,,,,GT,2024-03-01,2024-04-01
Shubman Gill,3,,,,,,,,,,,,,GT,2024-03-01,2024-04-01
R Tewatia,3,,,,,,,,,,,,,GT,2024-03-01,2024-04-01
KK Ahmed,3,3,12.0,1,88,5,2/21,17.6,7.33,14.4,0,0,,DC,2024-03-01,2024-04-01
Mukesh Kumar,2,2,7.0,0,70,4,3/21,17.5,10.0,10.5,0,0,,DC,2024-03-01,2024-04-01
Kuldeep Yadav,2,2,8.0,0,61,3,2/20,20.33,7.62,16.0,0,0,,DC,2024-03-01,2024-04-01
AR Patel,3,3,11.0,0,66,2,1/20,33.0,6.0,33.0,0,0,,DC,2024-03-01,2024-04-01
A Nortje,2,2,8.0,0,91,1,1/48,91.0,11.37,48.0,0,0,,DC,2024-03-01,2024-04-01
I Sharma,2,2,5.0,0,39,1,1/16,39.0,7.8,30.0,0,0,,DC,2024-03-01,2024-04-01
MR Marsh,3,2,5.0,0,66,0,,,13.2,,0,0,,DC,2024-03-01,2024-04-01
Rasikh Salam,1,1,2.0,0,25,0,,,12.5,,0,0,,DC,2024-03-01,2024-04-01
Sumit Kumar,2,1,1.2,0,19,0,,,14.25,,0,0,,DC,2024-03-01,2024-04-01
Abishek Porel,3,,,,,,,,,,,,,DC,2024-03-01,2024-04-01
RK Bhui,2,,,,,,,,,,,,,DC,2024-03-01,2024-04-01
SD Hope,1,,,,,,,,,,,,,DC,2024-03-01,2024-04-01
RR Pant,3,,,,,,,,,,,,,DC,2024-03-01,2024-04-01
PP Shaw,1,,,,,,,,,,,,,DC,2024-03-01,2024-04-01
T Stubbs,3,,,,,,,,,,,,,DC,2024-03-01,2024-04-01
DA Warner,3,,,,,,,,,,,,,DC,2024-03-01,2024-04-01
Mustafizur Rahman,3,3,12.0,0,106,7,4/29,15.14,8.83,10.2,1,0,,CSK,2024-03-01,2024-04-01
M Pathirana,2,2,8.0,0,60,4,3/31,15.0,7.5,12.0,0,0,,CSK,2024-03-01,2024-04-01
DL Chahar,3,3,12.0,0,107,3,2/28,35.66,8.91,24.0,0,0,,CSK,2024-03-01,2024-04-01
TU Deshpande,3,3,12.0,0,92,2,2/21,46.0,7.66,36.0,0,0,,CSK,2024-03-01,2024-04-01
RA Jadeja,3,3,10.0,0,79,1,1/43,79.0,7.9,60.0,0,0,,CSK,2024-03-01,2024-04-01
DJ Mitchell,3,1,2.0,0,18,1,1/18,18.0,9.0,12.0,0,0,,CSK,2024-03-01,2024-04-01
M Theekshana,1,1,4.0,0,36,0,,,9.0,,0,0,,CSK,2024-03-01,2024-04-01
MS Dhoni,3,,,,,,,,,,,,,CSK,2024-03-01,2024-04-01
S Dube,3,,,,,,,,,,,,,CSK,2024-03-01,2024-04-01
RD Gaikwad,3,,,,,,,,,,,,,CSK,2024-03-01,2024-04-01
AM Rahane,3,,,,,,,,,,,,,CSK,2024-03-01,2024-04-01
R Ravindra,3,,,,,,,,,,,,,CSK,2024-03-01,2024-04-01
Sameer Rizvi,3,,,,,,,,,,,,,CSK,2024-03-01,2024-04-01
YS Chahal,3,3,10.0,0,55,6,3/11,9.16,5.5,10.0,0,0,,RR,2024-03-01,2024-04-01
TA Boult,3,3,11.0,0,86,5,3/22,17.2,7.81,13.2,0,0,,RR,2024-03-01,2024-04-01
N Burger,3,3,10.0,0,91,5,2/29,18.2,9.1,12.0,0,0,,RR,2024-03-01,2024-04-01
Avesh Khan,3,3,11.0,0,80,2,1/29,40.0,7.27,33.0,0,0,,RR,2024-03-01,2024-04-01
R Ashwin,3,3,11.0,0,92,1,1/35,92.0,8.36,66.0,0,0,,RR,2024-03-01,2024-04-01
Sandeep Sharma,2,2,7.0,0,58,1,1/22,58.0,8.28,42.0,0,0,,RR,2024-03-01,2024-04-01
JC Buttler,3,,,,,,,,,,,,,RR,2024-03-01,2024-04-01
SB Dubey,1,,,,,,,,,,,,,RR,2024-03-01,2024-04-01
SO Hetmyer,3,,,,,,,,,,,,,RR,2024-03-01,2024-04-01
YBK Jaiswal,3,,,,,,,,,,,,,RR,2024-03-01,2024-04-01
DC Jurel,3,,,,,,,,,,,,,RR,2024-03-01,2024-04-01
R Parag,3,,,,,,,,,,,,,RR,2024-03-01,2024-04-01
SV Samson,3,,,,,,,,,,,,,RR,2024-03-01,2024-04-01
Harshit Rana,2,2,8.0,0,72,5,3/33,14.4,9.0,9.6,0,0,,KKR,2024-03-01,2024-04-01
AD Russell,2,2,6.0,0,54,4,2/25,13.5,9.0,9.0,0,0,,KKR,2024-03-01,2024-04-01
SP Narine,2,2,8.0,0,59,2,1/19,29.5,7.37,24.0,0,0,,KKR,2024-03-01,2024-04-01
CV Varun,2,2,6.0,0,75,1,1/55,75.0,12.5,36.0,0,0,,KKR,2024-03-01,2024-04-01
AS Roy,1,1,2.0,0,6,0,,,3.0,,0,0,,KKR,2024-03-01,2024-04-01
MA Starc,2,2,8.0,0,100,0,,,12.5,,0,0,,KKR,2024-03-01,2024-04-01
Suyash Sharma,1,1,2.0,0,18,0,,,9.0,,0,0,,KKR,2024-03-01,2024-04-01
SS Iyer,2,,,,,,,,,,,,,KKR,2024-03-01,2024-04-01
VR Iyer,2,,,,,,,,,,,,,KKR,2024-03-01,2024-04-01
A Raghuvanshi,1,,,,,,,,,,,,,KKR,2024-03-01,2024-04-01
Ramandeep Singh,2,,,,,,,,,,,,,KKR,2024-03-01,2024-04-01
N Rana,1,,,,,,,,,,,,,KKR,2024-03-01,2024-04-01
PD Salt,2,,,,,,,,,,,,,KKR,2024-03-01,2024-04-01
RK Singh,2,,,,,,,,,,,,,KKR,2024-03-01,2024-04-01
Yash Dayal,6,6,23.0,0,220,5,2/56,44.0,9.56,27.6,0,0,,RCB,2024-04-01,2024-05-01
C Green,5,5,14.1,0,141,4,2/12,35.25,9.95,21.2,0,0,,RCB,2024-04-01,2024-05-01
Mohammed Siraj,6,6,23.0,0,213,4,1/34,53.25,9.26,34.5,0,0,,RCB,2024-04-01,2024-05-01
RJW Topley,4,4,15.0,0,168,4,2/27,42.0,11.2,22.5,0,0,,RCB,2024-04-01,2024-05-01
LH Ferguson,3,3,10.0,0,127,3,2/52,42.33,12.7,20.0,0,0,,RCB,2024-04-01,2024-05-01
GJ Maxwell,4,3,8.0,0,68,3,2/23,22.66,8.5,16.0,0,0,,RCB,2024-04-01,2024-05-01
Swapnil Singh,2,2,6.0,0,63,3,2/40,21.0,10.5,12.0,0,0,,RCB,2024-04-01,2024-05-01
WG Jacks,5,3,7.0,0,79,2,1/23,39.5,11.28,21.0,0,0,,RCB,2024-04-01,2024-05-01
KV Sharma,3,3,11.0,0,100,2,2/29,50.0,9.09,33.0,0,0,,RCB,2024-04-01,2024-05-01
Akash Deep,1,1,3.3,0,55,1,1/55,55.0,15.71,21.0,0,0,,RCB,2024-04-01,2024-05-01
V Vyshak,2,2,7.0,0,96,1,1/32,96.0,13.71,42.0,0,0,,RCB,2024-04-01,2024-05-01
MJ Dagar,2,2,4.0,0,57,0,,,14.25,,0,0,,RCB,2024-04-01,2024-05-01
MK Lomror,5,1,1.0,0,18,0,,,18.0,,0,0,,RCB,2024-04-01,2024-05-01
H Sharma,1,1,2.0,0,29,0,,,14.5,,0,0,,RCB,2024-04-01,2024-05-01
Anuj Rawat,2,,,,,,,,,,,,,RCB,2024-04-01,2024-05-01
SD Chauhan,3,,,,,,,,,,,,,RCB,2024-04-01,2024-05-01
F du Plessis,7,,,,,,,,,,,,,RCB,2024-04-01,2024-05-01
KD Karthik,7,,,,,,,,,,,,,RCB,2024-04-01,2024-05-01
V Kohli,7,,,,,,,,,,,,,RCB,2024-04-01,2024-05-01
RM Patidar,7,,,,,,,,,,,,,RCB,2024-04-01,2024-05-01
SS Prabhudessai,1,,,,,,,,,,,,,RCB,2024-04-01,2024-05-01
HV Patel,7,7,21.0,0,201,11,3/15,18.27,9.57,11.4,0,0,,PBKS,2024-04-01,2024-05-01
Arshdeep Singh,7,7,25.0,0,256,9,4/29,28.44,10.24,16.6,1,0,,PBKS,2024-04-01,2024-05-01
SM Curran,7,7,23.0,0,240,8,2/25,30.0,10.43,17.2,0,0,,PBKS,2024-04-01,2024-05-01
K Rabada,7,7,27.0,0,251,7,2/18,35.85,9.29,23.1,0,0,,PBKS,2024-04-01,2024-05-01
RD Chahar,2,2,8.0,0,49,3,2/16,16.33,6.12,16.0,0,0,,PBKS,2024-04-01,2024-05-01
Harpreet Brar,7,7,24.0,0,197,3,2/17,65.66,8.2,48.0,0,0,,PBKS,2024-04-01,2024-05-01
LS Livingstone,3,3,9.0,0,56,3,2/19,18.66,6.22,18.0,0,0,,PBKS,2024-04-01,2024-05-01
Sikandar Raza,2,1,2.0,0,22,0,,,11.0,,0,0,,PBKS,2024-04-01,2024-05-01
JM Bairstow,5,,,,,,,,,,,,,PBKS,2024-04-01,2024-05-01
S Dhawan,2,,,,,,,,,,,,,PBKS,2024-04-01,2024-05-01
Harpreet Singh,2,,,,,,,,,,,,,PBKS,2024-04-01,2024-05-01
Prabhsimran Singh,7,,,,,,,,,,,,,PBKS,2024-04-01,2024-05-01
RR Rossouw,4,,,,,,,,,,,,,PBKS,2024-04-01,2024-05-01
AR Sharma,7,,,,,,,,,,,,,PBKS,2024-04-01,2024-05-01
JM Sharma,7,,,,,,,,,,,,,PBKS,2024-04-01,2024-05-01
Shashank Singh,7,,,,,,,,,,,,,PBKS,2024-04-01,2024-05-01
A Taide,1,,,,,,,,,,,,,PBKS,2024-04-01,2024-05-01
JJ Bumrah,8,8,32.0,0,206,11,5/21,18.72,6.43,17.4,0,1,,MI,2024-04-01,2024-05-01
G Coetzee,7,7,23.3,0,233,10,4/34,23.3,9.91,14.1,1,0,,MI,2024-04-01,2024-05-01
A Madhwal,5,5,18.1,0,205,5,3/20,41.0,11.28,21.8,0,0,,MI,2024-04-01,2024-05-01
HH Pandya,8,6,16.0,0,177,5,2/26,35.4,11.06,19.2,0,0,,MI,2024-04-01,2024-05-01
S Gopal,3,3,7.0,0,67,3,1/9,22.33,9.57,14.0,0,0,,MI,2024-04-01,2024-05-01
PP Chawla,5,5,16.0,0,142,2,1/33,71.0,8.87,48.0,0,0,,MI,2024-04-01,2024-05-01
Mohammad Nabi,7,6,12.2,0,109,2,1/16,54.5,8.83,37.0,0,0,,MI,2024-04-01,2024-05-01
KT Maphaka,1,1,2.0,0,23,1,1/23,23.0,11.5,12.0,0,0,,MI,2024-04-01,2024-05-01
R Shepherd,4,4,10.0,0,129,1,1/54,129.0,12.9,60.0,0,0,,MI,2024-04-01,2024-05-01
N Thushara,3,3,11.0,0,114,1,1/30,114.0,10.36,66.0,0,0,,MI,2024-04-01,2024-05-01
L Wood,1,1,4.0,0,68,1,1/68,68.0,17.0,24.0,0,0,,MI,2024-04-01,2024-05-01
NT Tilak Varma,8,1,0.4,0,8,0,,,12.0,,0,0,,MI,2024-04-01,2024-05-01
D Brevis,1,,,,,,,,,,,,,MI,2024-04-01,2024-05-01
TH David,8,,,,,,,,,,,,,MI,2024-04-01,2024-05-01
Ishan Kishan,8,,,,,,,,,,,,,MI,2024-04-01,2024-05-01
Naman Dhir,1,,,,,,,,,,,,,MI,2024-04-01,2024-05-01
RG Sharma,8,,,,,,,,,,,,,MI,2024-04-01,2024-05-01
N Wadhera,3,,,,,,,,,,,,,MI,2024-04-01,2024-05-01
SA Yadav,7,,,,,,,,,,,,,MI,2024-04-01,2024-05-01
Yash Thakur,7,7,25.5,1,266,10,5/30,26.6,10.29,15.5,0,1,,LSG,2024-04-01,2024-05-01
Mohsin Khan,5,5,20.0,0,204,6,2/29,34.0,10.2,20.0,0,0,,LSG,2024-04-01,2024-05-01
Naveen-ul-Haq,4,4,14.3,0,101,5,2/25,20.2,6.96,17.4,0,0,,LSG,2024-04-01,2024-05-01
KH Pandya,8,7,18.0,0,135,5,3/11,27.0,7.5,21.6,0,0,,LSG,2024-04-01,2024-05-01
Ravi Bishnoi,8,8,22.4,0,190,5,2/25,38.0,8.38,27.2,0,0,,LSG,2024-04-01,2024-05-01
MP Stoinis,8,6,12.0,0,97,4,1/3,24.25,8.08,18.0,0,0,,LSG,2024-04-01,2024-05-01
MP Yadav,3,3,8.1,0,58,4,3/14,14.5,7.1,12.2,0,0,,LSG,2024-04-01,2024-05-01
MJ Henry,3,3,10.0,0,86,1,1/28,86.0,8.6,60.0,0,0,,LSG,2024-04-01,2024-05-01
A Mishra,1,1,2.0,0,20,1,1/20,20.0,10.0,12.0,0,0,,LSG,2024-04-01,2024-05-01
M Siddharth,2,2,7.0,0,50,1,1/21,50.0,7.14,42.0,0,0,,LSG,2024-04-01,2024-05-01
Arshad Khan,2,2,5.1,0,58,0,,,11.22,,0,0,,LSG,2024-04-01,2024-05-01
DJ Hooda,6,1,2.0,0,13,0,,,6.5,,0,0,,LSG,2024-04-01,2024-05-01
S Joseph,1,1,4.0,0,47,0,,,11.75,,0,0,,LSG,2024-04-01,2024-05-01
A Badoni,8,,,,,,,,,,,,,LSG,2024-04-01,2024-05-01
Q de Kock,7,,,,,,,,,,,,,LSG,2024-04-01,2024-05-01
AA Kulkarni,1,,,,,,,,,,,,,LSG,2024-04-01,2024-05-01
D Padikkal,4,,,,,,,,,,,,,LSG,2024-04-01,2024-05-01
N Pooran,8,,,,,,,,,,,,,LSG,2024-04-01,2024-05-01
KL Rahul,8,,,,,,,,,,,,,LSG,2024-04-01,2024-05-01
AJ Turner,1,,,,,,,,,,,,,LSG,2024-04-01,2024-05-01
Noor Ahmad,7,7,24.5,0,210,5,2/20,42.0,8.45,29.8,0,0,,GT,2024-04-01,2024-05-01
Rashid Khan,7,7,26.0,0,199,5,1/12,39.8,7.65,31.2,0,0,,GT,2024-04-01,2024-05-01
R Sai Kishore,3,3,8.0,0,85,5,4/33,17.0,10.62,9.6,1,0,,GT,2024-04-01,2024-05-01
S Sandeep Warrier,4,4,8.0,0,91,5,3/15,18.2,11.37,9.6,0,0,,GT,2024-04-01,2024-05-01
MM Sharma,7,6,21.0,0,269,4,2/32,67.25,12.8,31.5,0,0,,GT,2024-04-01,2024-05-01
UT Yadav,3,3,10.0,0,104,4,2/22,26.0,10.4,15.0,0,0,,GT,2024-04-01,2024-05-01
DG Nalkande,2,2,2.5,0,27,3,2/21,9.0,9.52,5.6,0,0,,GT,2024-04-01,2024-05-01
Azmatullah Omarzai,4,4,12.0,0,105,1,1/41,105.0,8.75,72.0,0,0,,GT,2024-04-01,2024-05-01
SH Johnson,3,3,10.0,0,91,1,1/22,91.0,9.1,60.0,0,0,,GT,2024-04-01,2024-05-01
M Shahrukh Khan,5,2,2.0,0,15,0,,,7.5,,0,0,,GT,2024-04-01,2024-05-01
A Manohar,2,,,,,,,,,,,,,GT,2024-04-01,2024-05-01
DA Miller,4,,,,,,,,,,,,,GT,2024-04-01,2024-05-01
WP Saha,5,,,,,,,,,,,,,GT,2024-04-01,2024-05-01
B Sai Sudharsan,7,,,,,,,,,,,,,GT,2024-04-01,2024-05-01
V Shankar,3,,,,,,,,,,,,,GT,2024-04-01,2024-05-01
BR Sharath,1,,,,,,,,,,,,,GT,2024-04-01,2024-05-01
Shubman Gill,7,,,,,,,,,,,,,GT,2024-04-01,2024-05-01
R Tewatia,7,,,,,,,,,,,,,GT,2024-04-01,2024-05-01
MS Wade,1,,,,,,,,,,,,,GT,2024-04-01,2024-05-01
KS Williamson,2,,,,,,,,,,,,,GT,2024-04-01,2024-05-01
Kuldeep Yadav,6,6,23.0,0,201,9,4/55,22.33,8.73,15.3,1,0,,DC,2024-04-01,2024-05-01
Mukesh Kumar,5,5,18.3,0,212,9,3/14,23.55,11.45,12.3,0,0,,DC,2024-04-01,2024-05-01
KK Ahmed,8,8,28.0,1,291,7,2/41,41.57,10.39,24.0,0,0,,DC,2024-04-01,2024-05-01
AR Patel,8,8,26.0,0,202,7,2/25,28.85,7.76,22.2,0,0,,DC,2024-04-01,2024-05-01
A Nortje,4,4,14.0,0,203,6,3/59,33.83,14.5,14.0,0,0,,DC,2024-04-01,2024-05-01
Rasikh Salam,4,4,13.3,0,155,6,3/34,25.83,11.48,13.5,0,0,,DC,2024-04-01,2024-05-01
I Sharma,4,4,12.0,0,127,5,2/8,25.4,10.58,14.4,0,0,,DC,2024-04-01,2024-05-01
T Stubbs,8,1,1.0,0,11,2,2/11,5.5,11.0,3.0,0,0,,DC,2024-04-01,2024-05-01
MR Marsh,1,1,3.0,0,37,1,1/37,37.0,12.33,18.0,0,0,,DC,2024-04-01,2024-05-01
LB Williams,2,2,6.0,0,72,1,1/38,72.0,12.0,36.0,0,0,,DC,2024-04-01,2024-05-01
JA Richardson,1,1,4.0,0,40,0,,,10.0,,0,0,,DC,2024-04-01,2024-05-01
Sumit Kumar,2,1,2.0,0,19,0,,,9.5,,0,0,,DC,2024-04-01,2024-05-01
Lalit Yadav,2,2,3.0,0,56,0,,,18.66,,0,0,,DC,2024-04-01,2024-05-01
Abishek Porel,8,,,,,,,,,,,,,DC,2024-04-01,2024-05-01
J Fraser-McGurk,6,,,,,,,,,,,,,DC,2024-04-01,2024-05-01
SD Hope,5,,,,,,,,,,,,,DC,2024-04-01,2024-05-01
K Kushagra,3,,,,,,,,,,,,,DC,2024-04-01,2024-05-01
RR Pant,8,,,,,,,,,,,,,DC,2024-04-01,2024-05-01
PP Shaw,7,,,,,,,,,,,,,DC,2024-04-01,2024-05-01
DA Warner,4,,,,,,,,,,,,,DC,2024-04-01,2024-05-01
M Pathirana,4,4,14.0,0,109,9,4/28,12.11,7.78,9.3,1,0,,CSK,2024-04-01,2024-05-01
TU Deshpande,6,6,20.0,0,185,8,4/27,23.12,9.25,15.0,1,0,,CSK,2024-04-01,2024-05-01
Mustafizur Rahman,6,6,22.2,1,212,7,2/19,30.28,9.49,19.1,0,0,,CSK,2024-04-01,2024-05-01
RA Jadeja,7,7,24.0,0,177,4,3/18,44.25,7.37,36.0,0,0,,CSK,2024-04-01,2024-05-01
MM Ali,5,4,8.0,0,71,2,2/23,35.5,8.87,24.0,0,0,,CSK,2024-04-01,2024-05-01
DL Chahar,5,5,11.3,0,95,2,1/11,47.5,8.26,34.5,0,0,,CSK,2024-04-01,2024-05-01
SN Thakur,5,5,17.4,0,179,2,1/27,89.5,10.13,53.0,0,0,,CSK,2024-04-01,2024-05-01
M Theekshana,2,2,8.0,0,55,2,1/27,27.5,6.87,24.0,0,0,,CSK,2024-04-01,2024-05-01
S Dube,7,1,1.0,0,14,1,1/14,14.0,14.0,6.0,0,0,,CSK,2024-04-01,2024-05-01
RJ Gleeson,1,1,3.5,0,30,1,1/30,30.0,7.82,23.0,0,0,,CSK,2024-04-01,2024-05-01
Mukesh Choudhary,1,1,1.0,0,27,0,,,27.0,,0,0,,CSK,2024-04-01,2024-05-01
R Ravindra,4,2,2.0,0,7,0,,,3.5,,0,0,,CSK,2024-04-01,2024-05-01
MS Dhoni,7,,,,,,,,,,,,,CSK,2024-04-01,2024-05-01
RD Gaikwad,7,,,,,,,,,,,,,CSK,2024-04-01,2024-05-01
DJ Mitchell,6,,,,,,,,,,,,,CSK,2024-04-01,2024-05-01
AM Rahane,7,,,,,,,,,,,,,CSK,2024-04-01,2024-05-01
Sameer Rizvi,4,,,,,,,,,,,,,CSK,2024-04-01,2024-05-01
YS Chahal,7,7,28.0,0,262,10,3/11,26.2,9.35,16.8,0,0,,RR,2024-04-01,2024-05-01
Avesh Khan,7,7,28.0,0,284,8,2/34,35.5,10.14,21.0,0,0,,RR,2024-04-01,2024-05-01
TA Boult,7,7,25.0,0,186,8,3/22,23.25,7.44,18.7,0,0,,RR,2024-04-01,2024-05-01
Sandeep Sharma,2,2,8.0,0,49,7,5/18,7.0,6.12,6.8,0,1,,RR,2024-04-01,2024-05-01
KR Sen,3,3,12.0,0,122,6,3/41,20.33,10.16,12.0,0,0,,RR,2024-04-01,2024-05-01
N Burger,2,2,8.0,0,65,3,2/32,21.66,8.12,16.0,0,0,,RR,2024-04-01,2024-05-01
KA Maharaj,2,2,6.0,0,39,2,2/23,19.5,6.5,18.0,0,0,,RR,2024-04-01,2024-05-01
R Ashwin,6,6,24.0,0,214,1,1/39,214.0,8.91,144.0,0,0,,RR,2024-04-01,2024-05-01
R Parag,7,1,1.0,0,10,0,,,10.0,,0,0,,RR,2024-04-01,2024-05-01
JC Buttler,6,,,,,,,,,,,,,RR,2024-04-01,2024-05-01
SB Dubey,2,,,,,,,,,,,,,RR,2024-04-01,2024-05-01
SO Hetmyer,7,,,,,,,,,,,,,RR,2024-04-01,2024-05-01
YBK Jaiswal,7,,,,,,,,,,,,,RR,2024-04-01,2024-05-01
DC Jurel,7,,,,,,,,,,,,,RR,2024-04-01,2024-05-01
TK Kotian,1,,,,,,,,,,,,,RR,2024-04-01,2024-05-01
R Powell,4,,,,,,,,,,,,,RR,2024-04-01,2024-05-01
SV Samson,7,,,,,,,,,,,,,RR,2024-04-01,2024-05-01
CV Varun,7,7,27.0,0,223,10,3/16,22.3,8.25,16.2,0,0,,KKR,2024-04-01,2024-05-01
VG Arora,5,5,18.0,0,163,9,3/27,18.11,9.05,12.0,0,0,,KKR,2024-04-01,2024-05-01
SP Narine,7,7,28.0,0,188,9,2/30,20.88,6.71,18.6,0,0,,KKR,2024-04-01,2024-05-01
MA Starc,6,6,20.0,0,230,7,3/28,32.85,11.5,17.1,0,0,,KKR,2024-04-01,2024-05-01
Harshit Rana,6,5,20.0,0,202,6,2/28,33.66,10.1,20.0,0,0,,KKR,2024-04-01,2024-05-01
AD Russell,7,7,10.2,0,126,5,3/25,25.2,12.19,12.4,0,0,,KKR,2024-04-01,2024-05-01
PVD Chameera,1,1,3.0,0,48,0,,,16.0,,0,0,,KKR,2024-04-01,2024-05-01
VR Iyer,7,1,1.0,0,28,0,,,28.0,,0,0,,KKR,2024-04-01,2024-05-01
Ramandeep Singh,7,1,0.4,0,9,0,,,13.5,,0,0,,KKR,2024-04-01,2024-05-01
AS Roy,2,2,3.4,0,54,0,,,14.72,,0,0,,KKR,2024-04-01,2024-05-01
Suyash Sharma,1,1,2.0,0,33,0,,,16.5,,0,0,,KKR,2024-04-01,2024-05-01
SS Iyer,7,,,,,,,,,,,,,KKR,2024-04-01,2024-05-01
A Raghuvanshi,7,,,,,,,,,,,,,KKR,2024-04-01,2024-05-01
PD Salt,7,,,,,,,,,,,,,KKR,2024-04-01,2024-05-01
RK Singh,7,,,,,,,,,,,,,KKR,2024-04-01,2024-05-01
Mohammed Siraj,5,5,20.0,0,173,9,3/43,19.22,8.65,13.3,0,0,,RCB,2024-05-01,2024-06-01
Yash Dayal,5,5,16.1,0,142,7,3/20,20.28,8.78,13.8,0,0,,RCB,2024-05-01,2024-06-01
LH Ferguson,4,4,14.0,0,128,6,2/23,21.33,9.14,14.0,0,0,,RCB,2024-05-01,2024-06-01
C Green,5,5,15.0,0,109,4,1/18,27.25,7.26,22.5,0,0,,RCB,2024-05-01,2024-06-01
KV Sharma,5,5,11.0,0,130,4,2/36,32.5,11.81,16.5,0,0,,RCB,2024-05-01,2024-06-01
Swapnil Singh,5,5,9.0,0,70,3,2/28,23.33,7.77,18.0,0,0,,RCB,2024-05-01,2024-06-01
V Vyshak,1,1,3.3,0,23,2,2/23,11.5,6.57,10.5,0,0,,RCB,2024-05-01,2024-06-01
GJ Maxwell,3,1,4.0,0,25,1,1/25,25.0,6.25,24.0,0,0,,RCB,2024-05-01,2024-06-01
WG Jacks,3,2,2.0,0,21,0,,,10.5,,0,0,,RCB,2024-05-01,2024-06-01
F du Plessis,5,,,,,,,,,,,,,RCB,2024-05-01,2024-06-01
KD Karthik,5,,,,,,,,,,,,,RCB,2024-05-01,2024-06-01
V Kohli,5,,,,,,,,,,,,,RCB,2024-05-01,2024-06-01
MK Lomror,4,,,,,,,,,,,,,RCB,2024-05-01,2024-06-01
RM Patidar,5,,,,,,,,,,,,,RCB,2024-05-01,2024-06-01
HV Patel,5,5,17.0,0,151,10,3/24,15.1,8.88,10.2,0,0,,PBKS,2024-05-01,2024-06-01
Arshdeep Singh,5,5,19.0,0,203,7,2/37,29.0,10.68,16.2,0,0,,PBKS,2024-05-01,2024-06-01
RD Chahar,5,5,19.0,0,155,7,3/23,22.14,8.15,16.2,0,0,,PBKS,2024-05-01,2024-06-01
SM Curran,4,4,13.0,0,145,4,2/24,36.25,11.15,19.5,0,0,,PBKS,2024-05-01,2024-06-01
Harpreet Brar,4,4,9.0,0,82,3,2/17,27.33,9.11,18.0,0,0,,PBKS,2024-05-01,2024-06-01
V Kaverappa,1,1,4.0,0,36,2,2/36,18.0,9.0,12.0,0,0,,PBKS,2024-05-01,2024-06-01
NT Ellis,1,1,4.0,0,24,1,1/24,24.0,6.0,24.0,0,0,,PBKS,2024-05-01,2024-06-01
K Rabada,2,2,7.0,0,47,1,1/23,47.0,6.71,42.0,0,0,,PBKS,2024-05-01,2024-06-01
Shashank Singh,5,1,1.0,0,5,1,1/5,5.0,5.0,6.0,0,0,,PBKS,2024-05-01,2024-06-01
R Dhawan,1,1,3.0,0,35,0,,,11.66,,0,0,,PBKS,2024-05-01,2024-06-01
LS Livingstone,1,1,3.0,0,28,0,,,9.33,,0,0,,PBKS,2024-05-01,2024-06-01
A Taide,1,1,0.1,0,4,0,,,24.0,,0,0,,PBKS,2024-05-01,2024-06-01
JM Bairstow,4,,,,,,,,,,,,,PBKS,2024-05-01,2024-06-01
Prabhsimran Singh,5,,,,,,,,,,,,,PBKS,2024-05-01,2024-06-01
RR Rossouw,5,,,,,,,,,,,,,PBKS,2024-05-01,2024-06-01
AR Sharma,5,,,,,,,,,,,,,PBKS,2024-05-01,2024-06-01
JM Sharma,5,,,,,,,,,,,,,PBKS,2024-05-01,2024-06-01
Shivam Singh,1,,,,,,,,,,,,,PBKS,2024-05-01,2024-06-01
PP Chawla,4,4,14.0,0,105,9,3/29,11.66,7.5,9.3,0,0,,MI,2024-05-01,2024-06-01
N Thushara,4,4,15.0,0,143,7,3/28,20.42,9.53,12.8,0,0,,MI,2024-05-01,2024-06-01
JJ Bumrah,3,3,11.5,0,80,6,3/18,13.33,6.76,11.8,0,0,,MI,2024-05-01,2024-06-01
HH Pandya,4,4,13.0,0,134,5,3/31,26.8,10.3,15.6,0,0,,MI,2024-05-01,2024-06-01
A Kamboj,3,3,10.0,0,114,2,1/24,57.0,11.4,30.0,0,0,,MI,2024-05-01,2024-06-01
G Coetzee,1,1,2.0,0,24,0,,,12.0,,0,0,,MI,2024-05-01,2024-06-01
Naman Dhir,4,2,3.4,0,42,0,,,11.45,,0,0,,MI,2024-05-01,2024-06-01
R Shepherd,1,1,2.0,0,30,0,,,15.0,,0,0,,MI,2024-05-01,2024-06-01
AS Tendulkar,1,1,2.2,0,22,0,,,9.42,,0,0,,MI,2024-05-01,2024-06-01
N Wadhera,3,1,2.0,0,13,0,,,6.5,,0,0,,MI,2024-05-01,2024-06-01
D Brevis,1,,,,,,,,,,,,,MI,2024-05-01,2024-06-01
TH David,3,,,,,,,,,,,,,MI,2024-05-01,2024-06-01
Ishan Kishan,4,,,,,,,,,,,,,MI,2024-05-01,2024-06-01
RG Sharma,4,,,,,,,,,,,,,MI,2024-05-01,2024-06-01
NT Tilak Varma,3,,,,,,,,,,,,,MI,2024-05-01,2024-06-01
SA Yadav,4,,,,,,,,,,,,,MI,2024-05-01,2024-06-01
Naveen-ul-Haq,4,4,14.0,0,187,7,3/49,26.71,13.35,12.0,0,0,,LSG,2024-05-01,2024-06-01
Ravi Bishnoi,4,4,14.0,0,130,4,2/37,32.5,9.28,21.0,0,0,,LSG,2024-05-01,2024-06-01
Arshad Khan,2,2,5.0,0,56,1,1/45,56.0,11.2,30.0,0,0,,LSG,2024-05-01,2024-06-01
Mohsin Khan,3,3,10.0,0,102,1,1/45,102.0,10.2,60.0,0,0,,LSG,2024-05-01,2024-06-01
KH Pandya,4,3,8.0,0,75,1,1/29,75.0,9.37,48.0,0,0,,LSG,2024-05-01,2024-06-01
Yash Thakur,2,2,6.4,0,93,1,1/46,93.0,13.95,40.0,0,0,,LSG,2024-05-01,2024-06-01
Yudhvir Singh,2,2,4.0,0,52,1,1/24,52.0,13.0,24.0,0,0,,LSG,2024-05-01,2024-06-01
A Badoni,4,1,1.0,0,19,0,,,19.0,,0,0,,LSG,2024-05-01,2024-06-01
K Gowtham,1,1,2.0,0,29,0,,,14.5,,0,0,,LSG,2024-05-01,2024-06-01
MJ Henry,1,1,2.0,0,24,0,,,12.0,,0,0,,LSG,2024-05-01,2024-06-01
DJ Hooda,4,1,1.0,0,9,0,,,9.0,,0,0,,LSG,2024-05-01,2024-06-01
MP Stoinis,4,1,2.0,0,29,0,,,14.5,,0,0,,LSG,2024-05-01,2024-06-01
Q de Kock,2,,,,,,,,,,,,,LSG,2024-05-01,2024-06-01
AA Kulkarni,1,,,,,,,,,,,,,LSG,2024-05-01,2024-06-01
D Padikkal,1,,,,,,,,,,,,,LSG,2024-05-01,2024-06-01
N Pooran,4,,,,,,,,,,,,,LSG,2024-05-01,2024-06-01
KL Rahul,4,,,,,,,,,,,,,LSG,2024-05-01,2024-06-01
AJ Turner,1,,,,,,,,,,,,,LSG,2024-05-01,2024-06-01
JB Little,1,1,4.0,0,45,4,4/45,11.25,11.25,6.0,1,0,,GT,2024-05-01,2024-06-01
MM Sharma,2,2,6.0,0,63,3,3/31,21.0,10.5,12.0,0,0,,GT,2024-05-01,2024-06-01
Noor Ahmad,2,2,6.0,0,48,2,2/23,24.0,8.0,18.0,0,0,,GT,2024-05-01,2024-06-01
Rashid Khan,2,2,5.4,0,63,2,2/38,31.5,11.11,17.0,0,0,,GT,2024-05-01,2024-06-01
S Sandeep Warrier,1,1,3.0,0,28,1,1/28,28.0,9.33,18.0,0,0,,GT,2024-05-01,2024-06-01
UT Yadav,1,1,3.0,0,20,1,1/20,20.0,6.66,18.0,0,0,,GT,2024-05-01,2024-06-01
Kartik Tyagi,1,1,4.0,0,51,0,,,12.75,,0,0,,GT,2024-05-01,2024-06-01
MJ Suthar,1,1,2.0,0,26,0,,,13.0,,0,0,,GT,2024-05-01,2024-06-01
DA Miller,2,,,,,,,,,,,,,GT,2024-05-01,2024-06-01
WP Saha,1,,,,,,,,,,,,,GT,2024-05-01,2024-06-01
B Sai Sudharsan,2,,,,,,,,,,,,,GT,2024-05-01,2024-06-01
M Shahrukh Khan,2,,,,,,,,,,,,,GT,2024-05-01,2024-06-01
V Shankar,1,,,,,,,,,,,,,GT,2024-05-01,2024-06-01
Shubman Gill,2,,,,,,,,,,,,,GT,2024-05-01,2024-06-01
R Tewatia,2,,,,,,,,,,,,,GT,2024-05-01,2024-06-01
MS Wade,1,,,,,,,,,,,,,GT,2024-05-01,2024-06-01
KK Ahmed,3,3,10.0,0,100,5,2/31,20.0,10.0,12.0,0,0,,DC,2024-05-01,2024-06-01
Kuldeep Yadav,3,3,12.0,0,110,4,2/25,27.5,9.16,18.0,0,0,,DC,2024-05-01,2024-06-01
Mukesh Kumar,3,3,10.0,0,86,4,2/30,21.5,8.6,15.0,0,0,,DC,2024-05-01,2024-06-01
I Sharma,3,3,10.0,0,99,4,3/34,24.75,9.9,15.0,0,0,,DC,2024-05-01,2024-06-01
Rasikh Salam,3,3,9.0,0,89,3,2/23,29.66,9.88,18.0,0,0,,DC,2024-05-01,2024-06-01
AR Patel,3,3,7.0,0,69,2,1/20,34.5,9.85,21.0,0,0,,DC,2024-05-01,2024-06-01
T Stubbs,3,1,1.0,0,4,1,1/4,4.0,4.0,6.0,0,0,,DC,2024-05-01,2024-06-01
Gulbadin Naib,2,1,1.0,0,12,0,,,12.0,,0,0,,DC,2024-05-01,2024-06-01
Abishek Porel,3,,,,,,,,,,,,,DC,2024-05-01,2024-06-01
J Fraser-McGurk,3,,,,,,,,,,,,,DC,2024-05-01,2024-06-01
SD Hope,3,,,,,,,,,,,,,DC,2024-05-01,2024-06-01
K Kushagra,1,,,,,,,,,,,,,DC,2024-05-01,2024-06-01
RR Pant,2,,,,,,,,,,,,,DC,2024-05-01,2024-06-01
DA Warner,1,,,,,,,,,,,,,DC,2024-05-01,2024-06-01
TU Deshpande,4,4,16.0,0,147,7,2/30,21.0,9.18,13.7,0,0,,CSK,2024-05-01,2024-06-01
Simarjeet Singh,4,4,12.0,0,121,5,3/26,24.2,10.08,14.4,0,0,,CSK,2024-05-01,2024-06-01
SN Thakur,5,5,17.4,0,178,4,2/61,44.5,10.07,26.5,0,0,,CSK,2024-05-01,2024-06-01
RA Jadeja,5,5,16.0,0,135,3,3/20,45.0,8.43,32.0,0,0,,CSK,2024-05-01,2024-06-01
MJ Santner,3,3,9.0,0,64,2,1/10,32.0,7.11,27.0,0,0,,CSK,2024-05-01,2024-06-01
S Dube,5,1,1.0,0,14,1,1/14,14.0,14.0,6.0,0,0,,CSK,2024-05-01,2024-06-01
RJ Gleeson,2,2,7.5,0,71,1,1/30,71.0,9.06,47.0,0,0,,CSK,2024-05-01,2024-06-01
MM Ali,4,1,2.0,0,22,0,,,11.0,,0,0,,CSK,2024-05-01,2024-06-01
DL Chahar,1,1,0.2,0,4,0,,,12.0,,0,0,,CSK,2024-05-01,2024-06-01
DJ Mitchell,5,1,4.0,0,52,0,,,13.0,,0,0,,CSK,2024-05-01,2024-06-01
Mustafizur Rahman,1,1,4.0,1,22,0,,,5.5,,0,0,,CSK,2024-05-01,2024-06-01
M Theekshana,2,2,8.0,0,53,0,,,6.62,,0,0,,CSK,2024-05-01,2024-06-01
MS Dhoni,5,,,,,,,,,,,,,CSK,2024-05-01,2024-06-01
RD Gaikwad,5,,,,,,,,,,,,,CSK,2024-05-01,2024-06-01
AM Rahane,4,,,,,,,,,,,,,CSK,2024-05-01,2024-06-01
R Ravindra,3,,,,,,,,,,,,,CSK,2024-05-01,2024-06-01
Sameer Rizvi,2,,,,,,,,,,,,,CSK,2024-05-01,2024-06-01
Avesh Khan,7,6,19.5,0,192,10,3/27,19.2,9.68,11.9,0,0,,RR,2024-05-01,2024-06-01
R Ashwin,7,6,24.0,0,188,7,3/24,26.85,7.83,20.5,0,0,,RR,2024-05-01,2024-06-01
TA Boult,7,6,21.2,0,193,6,3/45,32.16,9.04,21.3,0,0,,RR,2024-05-01,2024-06-01
YS Chahal,6,6,24.0,0,240,5,2/31,48.0,10.0,28.8,0,0,,RR,2024-05-01,2024-06-01
Sandeep Sharma,7,6,23.0,0,204,5,2/25,40.8,8.86,27.6,0,0,,RR,2024-05-01,2024-06-01
N Burger,2,1,3.0,0,21,1,1/21,21.0,7.0,18.0,0,0,,RR,2024-05-01,2024-06-01
R Parag,7,1,2.0,0,17,0,,,8.5,,0,0,,RR,2024-05-01,2024-06-01
JC Buttler,3,,,,,,,,,,,,,RR,2024-05-01,2024-06-01
SB Dubey,2,,,,,,,,,,,,,RR,2024-05-01,2024-06-01
D Ferreira,2,,,,,,,,,,,,,RR,2024-05-01,2024-06-01
SO Hetmyer,3,,,,,,,,,,,,,RR,2024-05-01,2024-06-01
YBK Jaiswal,7,,,,,,,,,,,,,RR,2024-05-01,2024-06-01
DC Jurel,6,,,,,,,,,,,,,RR,2024-05-01,2024-06-01
T Kohler-Cadmore,4,,,,,,,,,,,,,RR,2024-05-01,2024-06-01
R Powell,6,,,,,,,,,,,,,RR,2024-05-01,2024-06-01
SV Samson,7,,,,,,,,,,,,,RR,2024-05-01,2024-06-01
AD Russell,6,5,13.0,0,115,10,3/19,11.5,8.84,7.8,0,0,,KKR,2024-05-01,2024-06-01
MA Starc,6,5,13.5,0,114,10,4/33,11.4,8.24,8.3,1,0,,KKR,2024-05-01,2024-06-01
CV Varun,6,5,17.0,0,104,10,3/30,10.4,6.11,10.2,0,0,,KKR,2024-05-01,2024-06-01
Harshit Rana,5,4,14.1,1,109,8,3/24,13.62,7.69,10.6,0,0,,KKR,2024-05-01,2024-06-01
SP Narine,6,5,19.0,0,121,6,2/22,20.16,6.36,19.0,0,0,,KKR,2024-05-01,2024-06-01
VG Arora,5,5,12.0,0,113,2,1/17,56.5,9.41,36.0,0,0,,KKR,2024-05-01,2024-06-01
SS Iyer,6,,,,,,,,,,,,,KKR,2024-05-01,2024-06-01
VR Iyer,6,,,,,,,,,,,,,KKR,2024-05-01,2024-06-01
MK Pandey,1,,,,,,,,,,,,,KKR,2024-05-01,2024-06-01
A Raghuvanshi,2,,,,,,,,,,,,,KKR,2024-05-01,2024-06-01
Rahmanullah Gurbaz,3,,,,,,,,,,,,,KKR,2024-05-01,2024-06-01
Ramandeep Singh,6,,,,,,,,,,,,,KKR,2024-05-01,2024-06-01
N Rana,1,,,,,,,,,,,,,KKR,2024-05-01,2024-06-01
AS Roy,1,,,,,,,,,,,,,KKR,2024-05-01,2024-06-01
PD Salt,3,,,,,,,,,,,,,KKR,2024-05-01,2024-06-01
RK Singh,6,,,,,,,,,,,,,KKR,2024-05-01,2024-06-01
