Player,Mat,Inns,Dis,Ct,St,Ct Wk,Ct Fi,MD,D/I,,Team,Start Date,End Date
Sikandar Raza,1,1,3,3,0,0,3,3 (3ct 0st),3.0,,PBKS,2023-03-01,2023-04-01
RD Chahar,1,1,2,2,0,0,2,2 (2ct 0st),2.0,,PBKS,2023-03-01,2023-04-01
SM Curran,1,1,1,1,0,0,1,1 (1ct 0st),1.0,,PBKS,2023-03-01,2023-04-01
Arshdeep Singh,1,1,0,0,0,0,0,0,0.0,,PBKS,2023-03-01,2023-04-01
R Dhawan,1,1,0,0,0,0,0,0,0.0,,PBKS,2023-03-01,2023-04-01
S Dhawan,1,1,0,0,0,0,0,0,0.0,,PBKS,2023-03-01,2023-04-01
NT Ellis,1,1,0,0,0,0,0,0,0.0,,PBKS,2023-03-01,2023-04-01
Harpreet Brar,1,1,0,0,0,0,0,0,0.0,,PBKS,2023-03-01,2023-04-01
Prabhsimran Singh,1,1,0,0,0,0,0,0,0.0,,PBKS,2023-03-01,2023-04-01
PBB Rajapaksa,1,1,0,0,0,0,0,0,0.0,,PBKS,2023-03-01,2023-04-01
M Shahrukh Khan,1,1,0,0,0,0,0,0,0.0,,PBKS,2023-03-01,2023-04-01
JM Sharma,1,1,0,0,0,0,0,0,0.0,,PBKS,2023-03-01,2023-04-01
K Gowtham,1,1,2,2,0,0,2,2 (2ct 0st),2.0,,LSG,2023-03-01,2023-04-01
KR Mayers,1,1,1,1,0,0,1,1 (1ct 0st),1.0,,LSG,2023-03-01,2023-04-01
KH Pandya,1,1,1,1,0,0,1,1 (1ct 0st),1.0,,LSG,2023-03-01,2023-04-01
N Pooran,1,1,1,1,0,1,0,1 (1ct 0st),1.0,,LSG,2023-03-01,2023-04-01
Avesh Khan,1,1,0,0,0,0,0,0,0.0,,LSG,2023-03-01,2023-04-01
A Badoni,1,1,0,0,0,0,0,0,0.0,,LSG,2023-03-01,2023-04-01
DJ Hooda,1,1,0,0,0,0,0,0,0.0,,LSG,2023-03-01,2023-04-01
KL Rahul,1,1,0,0,0,0,0,0,0.0,,LSG,2023-03-01,2023-04-01
Ravi Bishnoi,1,1,0,0,0,0,0,0,0.0,,LSG,2023-03-01,2023-04-01
MP Stoinis,1,1,0,0,0,0,0,0,0.0,,LSG,2023-03-01,2023-04-01
JD Unadkat,1,1,0,0,0,0,0,0,0.0,,LSG,2023-03-01,2023-04-01
MA Wood,1,1,0,0,0,0,0,0,0.0,,LSG,2023-03-01,2023-04-01
WP Saha,1,1,2,2,0,2,0,2 (2ct 0st),2.0,,GT,2023-03-01,2023-04-01
Rashid Khan,1,1,1,1,0,0,1,1 (1ct 0st),1.0,,GT,2023-03-01,2023-04-01
V Shankar,1,1,1,1,0,0,1,1 (1ct 0st),1.0,,GT,2023-03-01,2023-04-01
Shubman Gill,1,1,1,1,0,0,1,1 (1ct 0st),1.0,,GT,2023-03-01,2023-04-01
AS Joseph,1,1,0,0,0,0,0,0,0.0,,GT,2023-03-01,2023-04-01
JB Little,1,1,0,0,0,0,0,0,0.0,,GT,2023-03-01,2023-04-01
Mohammed Shami,1,1,0,0,0,0,0,0,0.0,,GT,2023-03-01,2023-04-01
HH Pandya,1,1,0,0,0,0,0,0,0.0,,GT,2023-03-01,2023-04-01
B Sai Sudharsan,1,1,0,0,0,0,0,0,0.0,,GT,2023-03-01,2023-04-01
R Tewatia,1,1,0,0,0,0,0,0,0.0,,GT,2023-03-01,2023-04-01
KS Williamson,1,1,0,0,0,0,0,0,0.0,,GT,2023-03-01,2023-04-01
Yash Dayal,1,1,0,0,0,0,0,0,0.0,,GT,2023-03-01,2023-04-01
SN Khan,1,1,2,2,0,2,0,2 (2ct 0st),2.0,,DC,2023-03-01,2023-04-01
AR Patel,1,1,1,1,0,0,1,1 (1ct 0st),1.0,,DC,2023-03-01,2023-04-01
PP Shaw,1,1,1,1,0,0,1,1 (1ct 0st),1.0,,DC,2023-03-01,2023-04-01
DA Warner,1,1,1,1,0,0,1,1 (1ct 0st),1.0,,DC,2023-03-01,2023-04-01
KK Ahmed,1,1,0,0,0,0,0,0,0.0,,DC,2023-03-01,2023-04-01
Aman Hakim Khan,1,1,0,0,0,0,0,0,0.0,,DC,2023-03-01,2023-04-01
Kuldeep Yadav,1,1,0,0,0,0,0,0,0.0,,DC,2023-03-01,2023-04-01
MR Marsh,1,1,0,0,0,0,0,0,0.0,,DC,2023-03-01,2023-04-01
Mukesh Kumar,1,1,0,0,0,0,0,0,0.0,,DC,2023-03-01,2023-04-01
R Powell,1,1,0,0,0,0,0,0,0.0,,DC,2023-03-01,2023-04-01
RR Rossouw,1,1,0,0,0,0,0,0,0.0,,DC,2023-03-01,2023-04-01
C Sakariya,1,1,0,0,0,0,0,0,0.0,,DC,2023-03-01,2023-04-01
MS Dhoni,1,1,1,1,0,1,0,1 (1ct 0st),1.0,,CSK,2023-03-01,2023-04-01
S Dube,1,1,1,1,0,0,1,1 (1ct 0st),1.0,,CSK,2023-03-01,2023-04-01
RD Gaikwad,1,1,1,1,0,0,1,1 (1ct 0st),1.0,,CSK,2023-03-01,2023-04-01
MJ Santner,1,1,1,1,0,0,1,1 (1ct 0st),1.0,,CSK,2023-03-01,2023-04-01
MM Ali,1,1,0,0,0,0,0,0,0.0,,CSK,2023-03-01,2023-04-01
DL Chahar,1,1,0,0,0,0,0,0,0.0,,CSK,2023-03-01,2023-04-01
DP Conway,1,1,0,0,0,0,0,0,0.0,,CSK,2023-03-01,2023-04-01
TU Deshpande,1,1,0,0,0,0,0,0,0.0,,CSK,2023-03-01,2023-04-01
RS Hangargekar,1,1,0,0,0,0,0,0,0.0,,CSK,2023-03-01,2023-04-01
RA Jadeja,1,1,0,0,0,0,0,0,0.0,,CSK,2023-03-01,2023-04-01
AT Rayudu,1,1,0,0,0,0,0,0,0.0,,CSK,2023-03-01,2023-04-01
BA Stokes,1,1,0,0,0,0,0,0,0.0,,CSK,2023-03-01,2023-04-01
Rahmanullah Gurbaz,1,1,1,1,0,1,0,1 (1ct 0st),1.0,,KKR,2023-03-01,2023-04-01
N Rana,1,1,1,1,0,0,1,1 (1ct 0st),1.0,,KKR,2023-03-01,2023-04-01
RK Singh,1,1,1,1,0,0,1,1 (1ct 0st),1.0,,KKR,2023-03-01,2023-04-01
UT Yadav,1,1,1,1,0,0,1,1 (1ct 0st),1.0,,KKR,2023-03-01,2023-04-01
VR Iyer,1,1,0,0,0,0,0,0,0.0,,KKR,2023-03-01,2023-04-01
Mandeep Singh,1,1,0,0,0,0,0,0,0.0,,KKR,2023-03-01,2023-04-01
SP Narine,1,1,0,0,0,0,0,0,0.0,,KKR,2023-03-01,2023-04-01
AS Roy,1,1,0,0,0,0,0,0,0.0,,KKR,2023-03-01,2023-04-01
AD Russell,1,1,0,0,0,0,0,0,0.0,,KKR,2023-03-01,2023-04-01
TG Southee,1,1,0,0,0,0,0,0,0.0,,KKR,2023-03-01,2023-04-01
SN Thakur,1,1,0,0,0,0,0,0,0.0,,KKR,2023-03-01,2023-04-01
CV Varun,1,1,0,0,0,0,0,0,0.0,,KKR,2023-03-01,2023-04-01
KD Karthik,9,9,10,8,2,8,0,3 (2ct 1st),1.111,,RCB,2023-04-01,2023-05-01
V Kohli,9,9,10,10,0,0,10,3 (3ct 0st),1.111,,RCB,2023-04-01,2023-05-01
Shahbaz Ahmed,8,8,5,5,0,0,5,2 (2ct 0st),0.625,,RCB,2023-04-01,2023-05-01
GJ Maxwell,9,9,3,3,0,0,3,1 (1ct 0st),0.333,,RCB,2023-04-01,2023-05-01
SS Prabhudessai,5,5,3,3,0,0,3,1 (1ct 0st),0.6,,RCB,2023-04-01,2023-05-01
F du Plessis,9,9,2,2,0,0,2,1 (1ct 0st),0.222,,RCB,2023-04-01,2023-05-01
Mohammed Siraj,9,9,2,2,0,0,2,1 (1ct 0st),0.222,,RCB,2023-04-01,2023-05-01
WD Parnell,4,4,2,2,0,0,2,1 (1ct 0st),0.5,,RCB,2023-04-01,2023-05-01
Akash Deep,2,2,1,1,0,0,1,1 (1ct 0st),0.5,,RCB,2023-04-01,2023-05-01
Anuj Rawat,4,4,1,1,0,0,1,1 (1ct 0st),0.25,,RCB,2023-04-01,2023-05-01
MK Lomror,7,7,1,1,0,0,1,1 (1ct 0st),0.142,,RCB,2023-04-01,2023-05-01
HV Patel,9,9,1,1,0,0,1,1 (1ct 0st),0.111,,RCB,2023-04-01,2023-05-01
V Vyshak,5,5,1,1,0,0,1,1 (1ct 0st),0.2,,RCB,2023-04-01,2023-05-01
DJ Willey,4,4,1,1,0,0,1,1 (1ct 0st),0.25,,RCB,2023-04-01,2023-05-01
MG Bracewell,2,2,0,0,0,0,0,0,0.0,,RCB,2023-04-01,2023-05-01
PW Hasaranga,6,6,0,0,0,0,0,0,0.0,,RCB,2023-04-01,2023-05-01
JR Hazlewood,1,1,0,0,0,0,0,0,0.0,,RCB,2023-04-01,2023-05-01
KV Sharma,4,4,0,0,0,0,0,0,0.0,,RCB,2023-04-01,2023-05-01
RJW Topley,1,1,0,0,0,0,0,0,0.0,,RCB,2023-04-01,2023-05-01
M Shahrukh Khan,9,9,6,6,0,0,6,3 (3ct 0st),0.666,,PBKS,2023-04-01,2023-05-01
SM Curran,9,9,5,5,0,0,5,1 (1ct 0st),0.555,,PBKS,2023-04-01,2023-05-01
JM Sharma,9,9,5,3,2,3,0,2 (0ct 2st),0.555,,PBKS,2023-04-01,2023-05-01
Sikandar Raza,6,6,4,4,0,0,4,3 (3ct 0st),0.666,,PBKS,2023-04-01,2023-05-01
RD Chahar,9,9,3,3,0,0,3,2 (2ct 0st),0.333,,PBKS,2023-04-01,2023-05-01
A Taide,5,5,3,3,0,0,3,2 (2ct 0st),0.6,,PBKS,2023-04-01,2023-05-01
S Dhawan,6,6,2,2,0,0,2,1 (1ct 0st),0.333,,PBKS,2023-04-01,2023-05-01
LS Livingstone,4,4,2,2,0,0,2,1 (1ct 0st),0.5,,PBKS,2023-04-01,2023-05-01
MW Short,5,5,2,2,0,0,2,1 (1ct 0st),0.4,,PBKS,2023-04-01,2023-05-01
NT Ellis,5,5,1,1,0,0,1,1 (1ct 0st),0.2,,PBKS,2023-04-01,2023-05-01
Harpreet Singh,3,3,1,1,0,0,1,1 (1ct 0st),0.333,,PBKS,2023-04-01,2023-05-01
Prabhsimran Singh,9,9,1,1,0,0,1,1 (1ct 0st),0.111,,PBKS,2023-04-01,2023-05-01
Arshdeep Singh,9,9,0,0,0,0,0,0,0.0,,PBKS,2023-04-01,2023-05-01
R Dhawan,3,3,0,0,0,0,0,0,0.0,,PBKS,2023-04-01,2023-05-01
Gurnoor Brar,1,1,0,0,0,0,0,0,0.0,,PBKS,2023-04-01,2023-05-01
Harpreet Brar,8,8,0,0,0,0,0,0,0.0,,PBKS,2023-04-01,2023-05-01
Mohit Rathee,1,1,0,0,0,0,0,0,0.0,,PBKS,2023-04-01,2023-05-01
K Rabada,4,4,0,0,0,0,0,0,0.0,,PBKS,2023-04-01,2023-05-01
PBB Rajapaksa,3,3,0,0,0,0,0,0,0.0,,PBKS,2023-04-01,2023-05-01
TH David,8,8,7,7,0,0,7,4 (4ct 0st),0.875,,MI,2023-04-01,2023-05-01
SA Yadav,8,8,6,6,0,0,6,3 (3ct 0st),0.75,,MI,2023-04-01,2023-05-01
NT Tilak Varma,8,8,4,4,0,0,4,2 (2ct 0st),0.5,,MI,2023-04-01,2023-05-01
Ishan Kishan,8,8,3,2,1,2,0,1 (1ct 0st),0.375,,MI,2023-04-01,2023-05-01
Arshad Khan,4,4,2,2,0,0,2,1 (1ct 0st),0.5,,MI,2023-04-01,2023-05-01
JP Behrendorff,6,6,2,2,0,0,2,1 (1ct 0st),0.333,,MI,2023-04-01,2023-05-01
C Green,8,8,2,2,0,0,2,2 (2ct 0st),0.25,,MI,2023-04-01,2023-05-01
D Jansen,1,1,2,2,0,0,2,2 (2ct 0st),2.0,,MI,2023-04-01,2023-05-01
HR Shokeen,6,6,2,2,0,0,2,1 (1ct 0st),0.333,,MI,2023-04-01,2023-05-01
N Wadhera,6,6,2,2,0,0,2,1 (1ct 0st),0.333,,MI,2023-04-01,2023-05-01
JC Archer,3,3,1,1,0,0,1,1 (1ct 0st),0.333,,MI,2023-04-01,2023-05-01
PP Chawla,8,8,1,1,0,0,1,1 (1ct 0st),0.125,,MI,2023-04-01,2023-05-01
RP Meredith,5,5,1,1,0,0,1,1 (1ct 0st),0.2,,MI,2023-04-01,2023-05-01
RG Sharma,8,8,1,1,0,0,1,1 (1ct 0st),0.125,,MI,2023-04-01,2023-05-01
K Kartikeya,3,3,0,0,0,0,0,0,0.0,,MI,2023-04-01,2023-05-01
T Stubbs,1,1,0,0,0,0,0,0,0.0,,MI,2023-04-01,2023-05-01
AS Tendulkar,4,4,0,0,0,0,0,0,0.0,,MI,2023-04-01,2023-05-01
N Pooran,9,9,7,4,3,4,0,2 (1ct 1st),0.777,,LSG,2023-04-01,2023-05-01
DJ Hooda,9,9,6,6,0,0,6,2 (2ct 0st),0.666,,LSG,2023-04-01,2023-05-01
KH Pandya,9,9,6,6,0,0,6,2 (2ct 0st),0.666,,LSG,2023-04-01,2023-05-01
Ravi Bishnoi,9,9,6,6,0,0,6,2 (2ct 0st),0.666,,LSG,2023-04-01,2023-05-01
K Gowtham,4,4,4,4,0,0,4,2 (2ct 0st),1.0,,LSG,2023-04-01,2023-05-01
KL Rahul,9,9,4,4,0,0,4,1 (1ct 0st),0.444,,LSG,2023-04-01,2023-05-01
MP Stoinis,9,9,4,4,0,0,4,2 (2ct 0st),0.444,,LSG,2023-04-01,2023-05-01
Avesh Khan,7,7,2,2,0,0,2,1 (1ct 0st),0.285,,LSG,2023-04-01,2023-05-01
KR Mayers,9,9,2,2,0,0,2,1 (1ct 0st),0.222,,LSG,2023-04-01,2023-05-01
MA Wood,4,4,2,2,0,0,2,2 (2ct 0st),0.5,,LSG,2023-04-01,2023-05-01
A Badoni,9,9,1,1,0,0,1,1 (1ct 0st),0.111,,LSG,2023-04-01,2023-05-01
A Mishra,6,6,1,1,0,0,1,1 (1ct 0st),0.166,,LSG,2023-04-01,2023-05-01
Naveen-ul-Haq,4,4,1,1,0,0,1,1 (1ct 0st),0.25,,LSG,2023-04-01,2023-05-01
Yash Thakur,4,4,1,1,0,0,1,1 (1ct 0st),0.25,,LSG,2023-04-01,2023-05-01
PN Mankad,1,1,0,0,0,0,0,0,0.0,,LSG,2023-04-01,2023-05-01
R Shepherd,1,1,0,0,0,0,0,0,0.0,,LSG,2023-04-01,2023-05-01
JD Unadkat,3,3,0,0,0,0,0,0,0.0,,LSG,2023-04-01,2023-05-01
Yudhvir Singh,2,2,0,0,0,0,0,0,0.0,,LSG,2023-04-01,2023-05-01
JB Little,5,5,4,4,0,0,4,2 (2ct 0st),0.8,,GT,2023-04-01,2023-05-01
DA Miller,7,7,4,4,0,0,4,2 (2ct 0st),0.571,,GT,2023-04-01,2023-05-01
Shubman Gill,7,7,4,4,0,0,4,2 (2ct 0st),0.571,,GT,2023-04-01,2023-05-01
R Tewatia,7,7,4,4,0,0,4,2 (2ct 0st),0.571,,GT,2023-04-01,2023-05-01
HH Pandya,6,6,3,3,0,0,3,1 (1ct 0st),0.5,,GT,2023-04-01,2023-05-01
MM Sharma,5,5,3,3,0,0,3,2 (2ct 0st),0.6,,GT,2023-04-01,2023-05-01
AS Joseph,4,4,2,2,0,0,2,1 (1ct 0st),0.5,,GT,2023-04-01,2023-05-01
A Manohar,5,5,2,2,0,0,2,1 (1ct 0st),0.4,,GT,2023-04-01,2023-05-01
Mohammed Shami,7,7,2,2,0,0,2,1 (1ct 0st),0.285,,GT,2023-04-01,2023-05-01
Rashid Khan,7,7,2,2,0,0,2,1 (1ct 0st),0.285,,GT,2023-04-01,2023-05-01
WP Saha,7,7,2,1,1,1,0,1 (1ct 0st),0.285,,GT,2023-04-01,2023-05-01
Noor Ahmad,4,4,1,1,0,0,1,1 (1ct 0st),0.25,,GT,2023-04-01,2023-05-01
J Yadav,1,1,1,1,0,0,1,1 (1ct 0st),1.0,,GT,2023-04-01,2023-05-01
Yash Dayal,2,2,1,1,0,0,1,1 (1ct 0st),0.5,,GT,2023-04-01,2023-05-01
B Sai Sudharsan,4,4,0,0,0,0,0,0,0.0,,GT,2023-04-01,2023-05-01
V Shankar,5,5,0,0,0,0,0,0,0.0,,GT,2023-04-01,2023-05-01
Abishek Porel,4,4,4,4,0,4,0,2 (2ct 0st),1.0,,DC,2023-04-01,2023-05-01
Aman Hakim Khan,5,5,4,4,0,0,4,2 (2ct 0st),0.8,,DC,2023-04-01,2023-05-01
DA Warner,8,8,4,4,0,0,4,1 (1ct 0st),0.5,,DC,2023-04-01,2023-05-01
Mukesh Kumar,7,7,3,3,0,0,3,2 (2ct 0st),0.428,,DC,2023-04-01,2023-05-01
AR Patel,8,8,3,3,0,0,3,2 (2ct 0st),0.375,,DC,2023-04-01,2023-05-01
PD Salt,3,3,3,3,0,3,0,2 (2ct 0st),1.0,,DC,2023-04-01,2023-05-01
Lalit Yadav,4,4,3,3,0,0,3,2 (2ct 0st),0.75,,DC,2023-04-01,2023-05-01
SN Khan,4,4,2,2,0,2,0,2 (2ct 0st),0.5,,DC,2023-04-01,2023-05-01
Kuldeep Yadav,8,8,2,2,0,0,2,1 (1ct 0st),0.25,,DC,2023-04-01,2023-05-01
A Nortje,7,7,2,2,0,0,2,1 (1ct 0st),0.285,,DC,2023-04-01,2023-05-01
MK Pandey,6,6,2,2,0,0,2,1 (1ct 0st),0.333,,DC,2023-04-01,2023-05-01
YV Dhull,2,2,1,1,0,0,1,1 (1ct 0st),0.5,,DC,2023-04-01,2023-05-01
MR Marsh,6,6,1,1,0,0,1,1 (1ct 0st),0.166,,DC,2023-04-01,2023-05-01
PP Shaw,6,6,1,1,0,0,1,1 (1ct 0st),0.166,,DC,2023-04-01,2023-05-01
KK Ahmed,3,3,0,0,0,0,0,0,0.0,,DC,2023-04-01,2023-05-01
PK Garg,1,1,0,0,0,0,0,0,0.0,,DC,2023-04-01,2023-05-01
Mustafizur Rahman,2,2,0,0,0,0,0,0,0.0,,DC,2023-04-01,2023-05-01
RV Patel,2,2,0,0,0,0,0,0,0.0,,DC,2023-04-01,2023-05-01
R Powell,3,3,0,0,0,0,0,0,0.0,,DC,2023-04-01,2023-05-01
RR Rossouw,3,3,0,0,0,0,0,0,0.0,,DC,2023-04-01,2023-05-01
C Sakariya,1,1,0,0,0,0,0,0,0.0,,DC,2023-04-01,2023-05-01
I Sharma,3,3,0,0,0,0,0,0,0.0,,DC,2023-04-01,2023-05-01
RD Gaikwad,8,8,9,9,0,0,9,2 (2ct 0st),1.125,,CSK,2023-04-01,2023-05-01
MS Dhoni,8,8,7,5,2,5,0,2 (2ct 0st),0.875,,CSK,2023-04-01,2023-05-01
S Dube,8,8,5,5,0,0,5,2 (2ct 0st),0.625,,CSK,2023-04-01,2023-05-01
RA Jadeja,8,8,5,5,0,0,5,1 (1ct 0st),0.625,,CSK,2023-04-01,2023-05-01
DP Conway,8,8,4,4,0,0,4,2 (2ct 0st),0.5,,CSK,2023-04-01,2023-05-01
AM Rahane,7,7,3,3,0,0,3,1 (1ct 0st),0.428,,CSK,2023-04-01,2023-05-01
BA Stokes,1,1,2,2,0,0,2,2 (2ct 0st),2.0,,CSK,2023-04-01,2023-05-01
Akash Singh,6,6,1,1,0,0,1,1 (1ct 0st),0.166,,CSK,2023-04-01,2023-05-01
SSB Magala,2,2,1,1,0,0,1,1 (1ct 0st),0.5,,CSK,2023-04-01,2023-05-01
M Pathirana,5,5,1,1,0,0,1,1 (1ct 0st),0.2,,CSK,2023-04-01,2023-05-01
D Pretorius,1,1,1,1,0,0,1,1 (1ct 0st),1.0,,CSK,2023-04-01,2023-05-01
M Theekshana,6,6,1,1,0,0,1,1 (1ct 0st),0.166,,CSK,2023-04-01,2023-05-01
MM Ali,7,7,0,0,0,0,0,0,0.0,,CSK,2023-04-01,2023-05-01
DL Chahar,2,2,0,0,0,0,0,0,0.0,,CSK,2023-04-01,2023-05-01
TU Deshpande,8,8,0,0,0,0,0,0,0.0,,CSK,2023-04-01,2023-05-01
RS Hangargekar,1,1,0,0,0,0,0,0,0.0,,CSK,2023-04-01,2023-05-01
AT Rayudu,8,8,0,0,0,0,0,0,0.0,,CSK,2023-04-01,2023-05-01
MJ Santner,2,2,0,0,0,0,0,0,0.0,,CSK,2023-04-01,2023-05-01
JC Buttler,9,9,8,8,0,0,8,2 (2ct 0st),0.888,,RR,2023-04-01,2023-05-01
SO Hetmyer,9,9,7,7,0,0,7,2 (2ct 0st),0.777,,RR,2023-04-01,2023-05-01
YBK Jaiswal,9,9,5,5,0,0,5,2 (2ct 0st),0.555,,RR,2023-04-01,2023-05-01
SV Samson,9,9,5,3,2,3,0,2 (1ct 1st),0.555,,RR,2023-04-01,2023-05-01
TA Boult,7,7,3,3,0,0,3,2 (2ct 0st),0.428,,RR,2023-04-01,2023-05-01
JO Holder,8,8,3,3,0,0,3,1 (1ct 0st),0.375,,RR,2023-04-01,2023-05-01
D Padikkal,8,8,3,3,0,0,3,1 (1ct 0st),0.375,,RR,2023-04-01,2023-05-01
Sandeep Sharma,7,7,3,3,0,0,3,1 (1ct 0st),0.428,,RR,2023-04-01,2023-05-01
KM Asif,2,2,1,1,0,0,1,1 (1ct 0st),0.5,,RR,2023-04-01,2023-05-01
R Parag,5,5,1,1,0,0,1,1 (1ct 0st),0.2,,RR,2023-04-01,2023-05-01
Abdul Basith,1,1,0,0,0,0,0,0,0.0,,RR,2023-04-01,2023-05-01
M Ashwin,1,1,0,0,0,0,0,0,0.0,,RR,2023-04-01,2023-05-01
R Ashwin,9,9,0,0,0,0,0,0,0.0,,RR,2023-04-01,2023-05-01
YS Chahal,9,9,0,0,0,0,0,0,0.0,,RR,2023-04-01,2023-05-01
DC Jurel,8,8,0,0,0,0,0,0,0.0,,RR,2023-04-01,2023-05-01
NA Saini,1,1,0,0,0,0,0,0,0.0,,RR,2023-04-01,2023-05-01
KR Sen,2,2,0,0,0,0,0,0,0.0,,RR,2023-04-01,2023-05-01
K Yadav,1,1,0,0,0,0,0,0,0.0,,RR,2023-04-01,2023-05-01
A Zampa,3,3,0,0,0,0,0,0,0.0,,RR,2023-04-01,2023-05-01
RK Singh,9,9,5,5,0,0,5,2 (2ct 0st),0.555,,KKR,2023-04-01,2023-05-01
Rahmanullah Gurbaz,6,6,4,4,0,4,0,2 (2ct 0st),0.666,,KKR,2023-04-01,2023-05-01
N Rana,9,9,3,3,0,0,3,2 (2ct 0st),0.333,,KKR,2023-04-01,2023-05-01
AD Russell,9,9,3,3,0,0,3,1 (1ct 0st),0.333,,KKR,2023-04-01,2023-05-01
CV Varun,9,9,3,3,0,0,3,2 (2ct 0st),0.333,,KKR,2023-04-01,2023-05-01
UT Yadav,8,8,3,3,0,0,3,1 (1ct 0st),0.375,,KKR,2023-04-01,2023-05-01
SN Thakur,6,6,2,2,0,0,2,1 (1ct 0st),0.333,,KKR,2023-04-01,2023-05-01
D Wiese,3,3,2,2,0,0,2,1 (1ct 0st),0.666,,KKR,2023-04-01,2023-05-01
Harshit Rana,1,1,1,1,0,0,1,1 (1ct 0st),1.0,,KKR,2023-04-01,2023-05-01
VR Iyer,9,9,1,1,0,0,1,1 (1ct 0st),0.111,,KKR,2023-04-01,2023-05-01
N Jagadeesan,6,6,1,1,0,0,1,1 (1ct 0st),0.166,,KKR,2023-04-01,2023-05-01
SP Narine,9,9,1,1,0,0,1,1 (1ct 0st),0.111,,KKR,2023-04-01,2023-05-01
AS Roy,2,2,1,1,0,0,1,1 (1ct 0st),0.5,,KKR,2023-04-01,2023-05-01
JJ Roy,3,3,1,1,0,0,1,1 (1ct 0st),0.333,,KKR,2023-04-01,2023-05-01
VG Arora,1,1,0,0,0,0,0,0,0.0,,KKR,2023-04-01,2023-05-01
LH Ferguson,3,3,0,0,0,0,0,0,0.0,,KKR,2023-04-01,2023-05-01
K Khejroliya,2,2,0,0,0,0,0,0,0.0,,KKR,2023-04-01,2023-05-01
Litton Das,1,1,0,0,0,0,0,0,0.0,,KKR,2023-04-01,2023-05-01
Mandeep Singh,3,3,0,0,0,0,0,0,0.0,,KKR,2023-04-01,2023-05-01
TG Southee,2,2,0,0,0,0,0,0,0.0,,KKR,2023-04-01,2023-05-01
Suyash Sharma,7,7,0,0,0,0,0,0,0.0,,KKR,2023-04-01,2023-05-01
V Kohli,6,6,5,5,0,0,5,2 (2ct 0st),0.833,,RCB,2023-05-01,2023-06-01
MK Lomror,6,6,4,4,0,0,4,1 (1ct 0st),0.666,,RCB,2023-05-01,2023-06-01
Anuj Rawat,6,6,3,3,0,1,2,1 (1ct 0st),0.5,,RCB,2023-05-01,2023-06-01
KD Karthik,5,5,3,2,1,2,0,3 (2ct 1st),0.6,,RCB,2023-05-01,2023-06-01
Mohammed Siraj,6,6,2,2,0,0,2,2 (2ct 0st),0.333,,RCB,2023-05-01,2023-06-01
WD Parnell,3,3,2,2,0,0,2,1 (1ct 0st),0.666,,RCB,2023-05-01,2023-06-01
MG Bracewell,3,3,1,1,0,0,1,1 (1ct 0st),0.333,,RCB,2023-05-01,2023-06-01
F du Plessis,6,6,1,1,0,0,1,1 (1ct 0st),0.166,,RCB,2023-05-01,2023-06-01
KM Jadhav,2,2,1,1,0,0,1,1 (1ct 0st),0.5,,RCB,2023-05-01,2023-06-01
GJ Maxwell,6,6,1,1,0,0,1,1 (1ct 0st),0.166,,RCB,2023-05-01,2023-06-01
HV Patel,6,6,1,1,0,0,1,1 (1ct 0st),0.166,,RCB,2023-05-01,2023-06-01
SS Prabhudessai,1,1,1,1,0,0,1,1 (1ct 0st),1.0,,RCB,2023-05-01,2023-06-01
PW Hasaranga,3,3,0,0,0,0,0,0,0.0,,RCB,2023-05-01,2023-06-01
JR Hazlewood,3,3,0,0,0,0,0,0,0.0,,RCB,2023-05-01,2023-06-01
Shahbaz Ahmed,2,2,0,0,0,0,0,0,0.0,,RCB,2023-05-01,2023-06-01
H Sharma,1,1,0,0,0,0,0,0,0.0,,RCB,2023-05-01,2023-06-01
KV Sharma,4,4,0,0,0,0,0,0,0.0,,RCB,2023-05-01,2023-06-01
V Vyshak,2,2,0,0,0,0,0,0,0.0,,RCB,2023-05-01,2023-06-01
S Dhawan,5,5,2,2,0,0,2,1 (1ct 0st),0.4,,PBKS,2023-05-01,2023-06-01
Harpreet Brar,5,5,2,2,0,0,2,1 (1ct 0st),0.4,,PBKS,2023-05-01,2023-06-01
LS Livingstone,5,5,2,2,0,0,2,2 (2ct 0st),0.4,,PBKS,2023-05-01,2023-06-01
A Taide,2,2,2,2,0,0,2,1 (1ct 0st),1.0,,PBKS,2023-05-01,2023-06-01
Arshdeep Singh,5,5,1,1,0,0,1,1 (1ct 0st),0.2,,PBKS,2023-05-01,2023-06-01
RD Chahar,5,5,1,1,0,0,1,1 (1ct 0st),0.2,,PBKS,2023-05-01,2023-06-01
R Dhawan,3,3,1,1,0,0,1,1 (1ct 0st),0.333,,PBKS,2023-05-01,2023-06-01
M Shahrukh Khan,5,5,1,1,0,0,1,1 (1ct 0st),0.2,,PBKS,2023-05-01,2023-06-01
MW Short,1,1,1,1,0,0,1,1 (1ct 0st),1.0,,PBKS,2023-05-01,2023-06-01
Sikandar Raza,1,1,1,1,0,0,1,1 (1ct 0st),1.0,,PBKS,2023-05-01,2023-06-01
SM Curran,5,5,0,0,0,0,0,0,0.0,,PBKS,2023-05-01,2023-06-01
NT Ellis,5,5,0,0,0,0,0,0,0.0,,PBKS,2023-05-01,2023-06-01
Prabhsimran Singh,5,5,0,0,0,0,0,0,0.0,,PBKS,2023-05-01,2023-06-01
K Rabada,2,2,0,0,0,0,0,0,0.0,,PBKS,2023-05-01,2023-06-01
PBB Rajapaksa,1,1,0,0,0,0,0,0,0.0,,PBKS,2023-05-01,2023-06-01
JM Sharma,5,5,0,0,0,0,0,0,0.0,,PBKS,2023-05-01,2023-06-01
Ishan Kishan,8,8,10,8,2,8,0,2 (2ct 0st),1.25,,MI,2023-05-01,2023-06-01
TH David,8,8,3,3,0,0,3,1 (1ct 0st),0.375,,MI,2023-05-01,2023-06-01
C Green,8,8,3,3,0,0,3,1 (1ct 0st),0.375,,MI,2023-05-01,2023-06-01
N Wadhera,8,8,2,2,0,0,2,2 (2ct 0st),0.25,,MI,2023-05-01,2023-06-01
R Goyal,1,1,1,1,0,0,1,1 (1ct 0st),1.0,,MI,2023-05-01,2023-06-01
CJ Jordan,6,6,1,1,0,0,1,1 (1ct 0st),0.166,,MI,2023-05-01,2023-06-01
K Kartikeya,5,5,1,1,0,0,1,1 (1ct 0st),0.2,,MI,2023-05-01,2023-06-01
HR Shokeen,2,2,1,1,0,0,1,1 (1ct 0st),0.5,,MI,2023-05-01,2023-06-01
JC Archer,2,2,0,0,0,0,0,0,0.0,,MI,2023-05-01,2023-06-01
Arshad Khan,2,2,0,0,0,0,0,0,0.0,,MI,2023-05-01,2023-06-01
JP Behrendorff,6,6,0,0,0,0,0,0,0.0,,MI,2023-05-01,2023-06-01
PP Chawla,8,8,0,0,0,0,0,0,0.0,,MI,2023-05-01,2023-06-01
A Madhwal,8,8,0,0,0,0,0,0,0.0,,MI,2023-05-01,2023-06-01
RG Sharma,8,8,0,0,0,0,0,0,0.0,,MI,2023-05-01,2023-06-01
T Stubbs,1,1,0,0,0,0,0,0,0.0,,MI,2023-05-01,2023-06-01
NT Tilak Varma,3,3,0,0,0,0,0,0,0.0,,MI,2023-05-01,2023-06-01
Vishnu Vinod,3,3,0,0,0,0,0,0,0.0,,MI,2023-05-01,2023-06-01
SA Yadav,8,8,0,0,0,0,0,0,0.0,,MI,2023-05-01,2023-06-01
DJ Hooda,4,4,4,4,0,0,4,3 (3ct 0st),1.0,,LSG,2023-05-01,2023-06-01
N Pooran,7,6,4,3,1,2,1,2 (1ct 1st),0.666,,LSG,2023-05-01,2023-06-01
Q de Kock,4,4,3,2,1,2,0,3 (2ct 1st),0.75,,LSG,2023-05-01,2023-06-01
K Gowtham,4,3,3,3,0,0,3,2 (2ct 0st),1.0,,LSG,2023-05-01,2023-06-01
KH Pandya,7,6,3,3,0,0,3,1 (1ct 0st),0.5,,LSG,2023-05-01,2023-06-01
Ravi Bishnoi,7,6,3,3,0,0,3,2 (2ct 0st),0.5,,LSG,2023-05-01,2023-06-01
PN Mankad,4,4,2,2,0,0,2,1 (1ct 0st),0.5,,LSG,2023-05-01,2023-06-01
A Badoni,7,6,1,1,0,0,1,1 (1ct 0st),0.166,,LSG,2023-05-01,2023-06-01
KR Mayers,5,4,1,1,0,0,1,1 (1ct 0st),0.25,,LSG,2023-05-01,2023-06-01
A Mishra,2,2,1,1,0,0,1,1 (1ct 0st),0.5,,LSG,2023-05-01,2023-06-01
Naveen-ul-Haq,5,4,1,1,0,0,1,1 (1ct 0st),0.25,,LSG,2023-05-01,2023-06-01
Avesh Khan,2,2,0,0,0,0,0,0,0.0,,LSG,2023-05-01,2023-06-01
Mohsin Khan,5,4,0,0,0,0,0,0,0.0,,LSG,2023-05-01,2023-06-01
KL Rahul,1,1,0,0,0,0,0,0,0.0,,LSG,2023-05-01,2023-06-01
KS Sharma,2,1,0,0,0,0,0,0,0.0,,LSG,2023-05-01,2023-06-01
MP Stoinis,7,6,0,0,0,0,0,0,0.0,,LSG,2023-05-01,2023-06-01
Swapnil Singh,2,2,0,0,0,0,0,0,0.0,,LSG,2023-05-01,2023-06-01
Yash Thakur,6,6,0,0,0,0,0,0,0.0,,LSG,2023-05-01,2023-06-01
Yudhvir Singh,1,1,0,0,0,0,0,0,0.0,,LSG,2023-05-01,2023-06-01
M Vohra,1,,,,,,,,,,LSG,2023-05-01,2023-06-01
DA Miller,9,9,7,7,0,0,7,2 (2ct 0st),0.777,,GT,2023-05-01,2023-06-01
Rashid Khan,9,9,7,7,0,0,7,2 (2ct 0st),0.777,,GT,2023-05-01,2023-06-01
WP Saha,9,9,7,6,1,6,0,3 (3ct 0st),0.777,,GT,2023-05-01,2023-06-01
HH Pandya,9,9,5,5,0,0,5,1 (1ct 0st),0.555,,GT,2023-05-01,2023-06-01
R Tewatia,9,9,4,4,0,0,4,1 (1ct 0st),0.444,,GT,2023-05-01,2023-06-01
Mohammed Shami,9,9,3,3,0,0,3,2 (2ct 0st),0.333,,GT,2023-05-01,2023-06-01
MM Sharma,9,9,3,3,0,0,3,2 (2ct 0st),0.333,,GT,2023-05-01,2023-06-01
A Manohar,4,4,2,2,0,0,2,1 (1ct 0st),0.5,,GT,2023-05-01,2023-06-01
B Sai Sudharsan,3,3,2,2,0,0,2,1 (1ct 0st),0.666,,GT,2023-05-01,2023-06-01
MD Shanaka,3,3,2,2,0,0,2,1 (1ct 0st),0.666,,GT,2023-05-01,2023-06-01
JB Little,4,4,1,1,0,0,1,1 (1ct 0st),0.25,,GT,2023-05-01,2023-06-01
Noor Ahmad,9,9,1,1,0,0,1,1 (1ct 0st),0.111,,GT,2023-05-01,2023-06-01
V Shankar,8,8,1,1,0,0,1,1 (1ct 0st),0.125,,GT,2023-05-01,2023-06-01
Shubman Gill,9,9,1,1,0,0,1,1 (1ct 0st),0.111,,GT,2023-05-01,2023-06-01
AS Joseph,2,2,0,0,0,0,0,0,0.0,,GT,2023-05-01,2023-06-01
DG Nalkande,1,1,0,0,0,0,0,0,0.0,,GT,2023-05-01,2023-06-01
Yash Dayal,2,2,0,0,0,0,0,0,0.0,,GT,2023-05-01,2023-06-01
Aman Hakim Khan,6,6,5,5,0,0,5,1 (1ct 0st),0.833,,DC,2023-05-01,2023-06-01
AR Patel,6,6,4,4,0,0,4,2 (2ct 0st),0.666,,DC,2023-05-01,2023-06-01
RR Rossouw,6,6,3,3,0,0,3,1 (1ct 0st),0.5,,DC,2023-05-01,2023-06-01
DA Warner,6,6,3,3,0,0,3,2 (2ct 0st),0.5,,DC,2023-05-01,2023-06-01
KK Ahmed,6,6,2,2,0,0,2,1 (1ct 0st),0.333,,DC,2023-05-01,2023-06-01
MR Marsh,3,3,2,2,0,0,2,1 (1ct 0st),0.666,,DC,2023-05-01,2023-06-01
PD Salt,6,6,2,2,0,2,0,1 (1ct 0st),0.333,,DC,2023-05-01,2023-06-01
Lalit Yadav,2,2,2,2,0,0,2,1 (1ct 0st),1.0,,DC,2023-05-01,2023-06-01
YV Dhull,2,2,1,1,0,0,1,1 (1ct 0st),0.5,,DC,2023-05-01,2023-06-01
MK Pandey,4,4,1,1,0,0,1,1 (1ct 0st),0.25,,DC,2023-05-01,2023-06-01
RV Patel,3,3,1,1,0,0,1,1 (1ct 0st),0.333,,DC,2023-05-01,2023-06-01
P Dubey,1,1,0,0,0,0,0,0,0.0,,DC,2023-05-01,2023-06-01
PK Garg,1,1,0,0,0,0,0,0,0.0,,DC,2023-05-01,2023-06-01
Kuldeep Yadav,6,6,0,0,0,0,0,0,0.0,,DC,2023-05-01,2023-06-01
Mukesh Kumar,3,3,0,0,0,0,0,0,0.0,,DC,2023-05-01,2023-06-01
A Nortje,3,3,0,0,0,0,0,0,0.0,,DC,2023-05-01,2023-06-01
C Sakariya,1,1,0,0,0,0,0,0,0.0,,DC,2023-05-01,2023-06-01
I Sharma,5,5,0,0,0,0,0,0,0.0,,DC,2023-05-01,2023-06-01
PP Shaw,2,2,0,0,0,0,0,0,0.0,,DC,2023-05-01,2023-06-01
RD Gaikwad,7,7,7,7,0,0,7,2 (2ct 0st),1.0,,CSK,2023-05-01,2023-06-01
AM Rahane,7,7,5,5,0,0,5,2 (2ct 0st),0.714,,CSK,2023-05-01,2023-06-01
MM Ali,7,7,4,4,0,0,4,2 (2ct 0st),0.571,,CSK,2023-05-01,2023-06-01
RA Jadeja,7,7,4,4,0,0,4,2 (2ct 0st),0.571,,CSK,2023-05-01,2023-06-01
M Pathirana,7,7,3,3,0,0,3,1 (1ct 0st),0.428,,CSK,2023-05-01,2023-06-01
DP Conway,7,7,2,2,0,0,2,2 (2ct 0st),0.285,,CSK,2023-05-01,2023-06-01
TU Deshpande,7,7,2,2,0,0,2,1 (1ct 0st),0.285,,CSK,2023-05-01,2023-06-01
MS Dhoni,7,7,2,1,1,1,0,2 (1ct 1st),0.285,,CSK,2023-05-01,2023-06-01
AT Rayudu,7,7,2,2,0,0,2,1 (1ct 0st),0.285,,CSK,2023-05-01,2023-06-01
M Theekshana,7,7,2,2,0,0,2,1 (1ct 0st),0.285,,CSK,2023-05-01,2023-06-01
DL Chahar,7,7,1,1,0,0,1,1 (1ct 0st),0.142,,CSK,2023-05-01,2023-06-01
S Dube,7,7,0,0,0,0,0,0,0.0,,CSK,2023-05-01,2023-06-01
SO Hetmyer,5,5,4,4,0,0,4,2 (2ct 0st),0.8,,RR,2023-05-01,2023-06-01
YBK Jaiswal,5,5,3,3,0,0,3,2 (2ct 0st),0.6,,RR,2023-05-01,2023-06-01
TA Boult,3,3,2,2,0,0,2,1 (1ct 0st),0.666,,RR,2023-05-01,2023-06-01
JE Root,3,3,2,2,0,0,2,2 (2ct 0st),0.666,,RR,2023-05-01,2023-06-01
R Ashwin,4,4,1,1,0,0,1,1 (1ct 0st),0.25,,RR,2023-05-01,2023-06-01
JC Buttler,5,5,1,1,0,0,1,1 (1ct 0st),0.2,,RR,2023-05-01,2023-06-01
YS Chahal,5,5,1,1,0,0,1,1 (1ct 0st),0.2,,RR,2023-05-01,2023-06-01
DC Jurel,5,5,1,1,0,0,1,1 (1ct 0st),0.2,,RR,2023-05-01,2023-06-01
D Padikkal,3,3,1,1,0,0,1,1 (1ct 0st),0.333,,RR,2023-05-01,2023-06-01
SV Samson,5,5,1,0,1,0,0,1 (0ct 1st),0.2,,RR,2023-05-01,2023-06-01
Sandeep Sharma,5,5,1,1,0,0,1,1 (1ct 0st),0.2,,RR,2023-05-01,2023-06-01
M Ashwin,1,1,0,0,0,0,0,0,0.0,,RR,2023-05-01,2023-06-01
KM Asif,2,2,0,0,0,0,0,0,0.0,,RR,2023-05-01,2023-06-01
OC McCoy,1,1,0,0,0,0,0,0,0.0,,RR,2023-05-01,2023-06-01
R Parag,2,2,0,0,0,0,0,0,0.0,,RR,2023-05-01,2023-06-01
NA Saini,1,1,0,0,0,0,0,0,0.0,,RR,2023-05-01,2023-06-01
K Yadav,1,1,0,0,0,0,0,0,0.0,,RR,2023-05-01,2023-06-01
A Zampa,3,3,0,0,0,0,0,0,0.0,,RR,2023-05-01,2023-06-01
Rahmanullah Gurbaz,5,5,6,6,0,6,0,4 (4ct 0st),1.2,,KKR,2023-05-01,2023-06-01
VG Arora,4,4,3,3,0,0,3,1 (1ct 0st),0.75,,KKR,2023-05-01,2023-06-01
AD Russell,5,5,3,3,0,0,3,2 (2ct 0st),0.6,,KKR,2023-05-01,2023-06-01
RK Singh,5,5,3,3,0,0,3,1 (1ct 0st),0.6,,KKR,2023-05-01,2023-06-01
VR Iyer,5,5,2,2,0,0,2,2 (2ct 0st),0.4,,KKR,2023-05-01,2023-06-01
SN Thakur,5,5,2,2,0,0,2,2 (2ct 0st),0.4,,KKR,2023-05-01,2023-06-01
Harshit Rana,5,5,1,1,0,0,1,1 (1ct 0st),0.2,,KKR,2023-05-01,2023-06-01
AS Roy,2,2,1,1,0,0,1,1 (1ct 0st),0.5,,KKR,2023-05-01,2023-06-01
JJ Roy,5,5,1,1,0,0,1,1 (1ct 0st),0.2,,KKR,2023-05-01,2023-06-01
CV Varun,5,5,1,1,0,0,1,1 (1ct 0st),0.2,,KKR,2023-05-01,2023-06-01
SP Narine,5,5,0,0,0,0,0,0,0.0,,KKR,2023-05-01,2023-06-01
N Rana,5,5,0,0,0,0,0,0,0.0,,KKR,2023-05-01,2023-06-01
Suyash Sharma,4,4,0,0,0,0,0,0,0.0,,KKR,2023-05-01,2023-06-01
Anuj Rawat,3,3,4,4,0,4,0,4 (4ct 0st),1.333,,RCB,2024-03-01,2024-04-01
V Kohli,3,3,3,3,0,0,3,2 (2ct 0st),1.0,,RCB,2024-03-01,2024-04-01
C Green,3,3,2,2,0,0,2,1 (1ct 0st),0.666,,RCB,2024-03-01,2024-04-01
RM Patidar,3,3,2,2,0,0,2,2 (2ct 0st),0.666,,RCB,2024-03-01,2024-04-01
GJ Maxwell,3,3,1,1,0,0,1,1 (1ct 0st),0.333,,RCB,2024-03-01,2024-04-01
MJ Dagar,3,3,0,0,0,0,0,0,0.0,,RCB,2024-03-01,2024-04-01
F du Plessis,3,3,0,0,0,0,0,0,0.0,,RCB,2024-03-01,2024-04-01
AS Joseph,3,3,0,0,0,0,0,0,0.0,,RCB,2024-03-01,2024-04-01
KD Karthik,3,3,0,0,0,0,0,0,0.0,,RCB,2024-03-01,2024-04-01
MK Lomror,1,1,0,0,0,0,0,0,0.0,,RCB,2024-03-01,2024-04-01
Mohammed Siraj,3,3,0,0,0,0,0,0,0.0,,RCB,2024-03-01,2024-04-01
KV Sharma,1,1,0,0,0,0,0,0,0.0,,RCB,2024-03-01,2024-04-01
V Vyshak,1,1,0,0,0,0,0,0,0.0,,RCB,2024-03-01,2024-04-01
Yash Dayal,3,3,0,0,0,0,0,0,0.0,,RCB,2024-03-01,2024-04-01
JM Sharma,3,3,5,5,0,5,0,3 (3ct 0st),1.666,,PBKS,2024-03-01,2024-04-01
JM Bairstow,3,3,3,3,0,0,3,2 (2ct 0st),1.0,,PBKS,2024-03-01,2024-04-01
Harpreet Brar,3,3,2,2,0,0,2,1 (1ct 0st),0.666,,PBKS,2024-03-01,2024-04-01
RD Chahar,3,3,1,1,0,0,1,1 (1ct 0st),0.333,,PBKS,2024-03-01,2024-04-01
SM Curran,3,3,1,1,0,0,1,1 (1ct 0st),0.333,,PBKS,2024-03-01,2024-04-01
S Dhawan,3,3,1,1,0,0,1,1 (1ct 0st),0.333,,PBKS,2024-03-01,2024-04-01
Shashank Singh,3,3,1,1,0,0,1,1 (1ct 0st),0.333,,PBKS,2024-03-01,2024-04-01
Arshdeep Singh,3,3,0,0,0,0,0,0,0.0,,PBKS,2024-03-01,2024-04-01
LS Livingstone,3,3,0,0,0,0,0,0,0.0,,PBKS,2024-03-01,2024-04-01
HV Patel,3,3,0,0,0,0,0,0,0.0,,PBKS,2024-03-01,2024-04-01
Prabhsimran Singh,3,3,0,0,0,0,0,0,0.0,,PBKS,2024-03-01,2024-04-01
K Rabada,3,3,0,0,0,0,0,0,0.0,,PBKS,2024-03-01,2024-04-01
Naman Dhir,3,3,3,3,0,0,3,2 (2ct 0st),1.0,,MI,2024-03-01,2024-04-01
NT Tilak Varma,3,3,3,3,0,0,3,2 (2ct 0st),1.0,,MI,2024-03-01,2024-04-01
TH David,3,3,2,2,0,0,2,1 (1ct 0st),0.666,,MI,2024-03-01,2024-04-01
PP Chawla,3,3,1,1,0,0,1,1 (1ct 0st),0.333,,MI,2024-03-01,2024-04-01
HH Pandya,3,3,1,1,0,0,1,1 (1ct 0st),0.333,,MI,2024-03-01,2024-04-01
RG Sharma,3,3,1,1,0,0,1,1 (1ct 0st),0.333,,MI,2024-03-01,2024-04-01
D Brevis,2,2,0,0,0,0,0,0,0.0,,MI,2024-03-01,2024-04-01
JJ Bumrah,3,3,0,0,0,0,0,0,0.0,,MI,2024-03-01,2024-04-01
G Coetzee,3,3,0,0,0,0,0,0,0.0,,MI,2024-03-01,2024-04-01
Ishan Kishan,3,3,0,0,0,0,0,0,0.0,,MI,2024-03-01,2024-04-01
A Madhwal,1,1,0,0,0,0,0,0,0.0,,MI,2024-03-01,2024-04-01
KT Maphaka,2,2,0,0,0,0,0,0,0.0,,MI,2024-03-01,2024-04-01
SZ Mulani,2,2,0,0,0,0,0,0,0.0,,MI,2024-03-01,2024-04-01
R Shepherd,1,1,0,0,0,0,0,0,0.0,,MI,2024-03-01,2024-04-01
L Wood,1,1,0,0,0,0,0,0,0.0,,MI,2024-03-01,2024-04-01
Naveen-ul-Haq,2,2,2,2,0,0,2,2 (2ct 0st),1.0,,LSG,2024-03-01,2024-04-01
KL Rahul,2,2,2,2,0,2,0,2 (2ct 0st),1.0,,LSG,2024-03-01,2024-04-01
Q de Kock,2,2,1,1,0,1,0,1 (1ct 0st),0.5,,LSG,2024-03-01,2024-04-01
KH Pandya,2,2,1,1,0,0,1,1 (1ct 0st),0.5,,LSG,2024-03-01,2024-04-01
N Pooran,2,2,1,1,0,0,1,1 (1ct 0st),0.5,,LSG,2024-03-01,2024-04-01
MP Stoinis,2,2,1,1,0,0,1,1 (1ct 0st),0.5,,LSG,2024-03-01,2024-04-01
A Badoni,2,2,0,0,0,0,0,0,0.0,,LSG,2024-03-01,2024-04-01
DJ Hooda,1,1,0,0,0,0,0,0,0.0,,LSG,2024-03-01,2024-04-01
Mohsin Khan,2,2,0,0,0,0,0,0,0.0,,LSG,2024-03-01,2024-04-01
D Padikkal,2,2,0,0,0,0,0,0,0.0,,LSG,2024-03-01,2024-04-01
Ravi Bishnoi,2,2,0,0,0,0,0,0,0.0,,LSG,2024-03-01,2024-04-01
M Siddharth,1,1,0,0,0,0,0,0,0.0,,LSG,2024-03-01,2024-04-01
Yash Thakur,1,1,0,0,0,0,0,0,0.0,,LSG,2024-03-01,2024-04-01
MP Yadav,1,1,0,0,0,0,0,0,0.0,,LSG,2024-03-01,2024-04-01
WP Saha,3,3,4,2,2,2,0,3 (1ct 2st),1.333,,GT,2024-03-01,2024-04-01
Rashid Khan,3,3,3,3,0,0,3,2 (2ct 0st),1.0,,GT,2024-03-01,2024-04-01
DA Miller,3,3,2,2,0,0,2,1 (1ct 0st),0.666,,GT,2024-03-01,2024-04-01
R Tewatia,3,3,2,2,0,0,2,1 (1ct 0st),0.666,,GT,2024-03-01,2024-04-01
SH Johnson,2,2,1,1,0,0,1,1 (1ct 0st),0.5,,GT,2024-03-01,2024-04-01
DG Nalkande,1,1,1,1,0,0,1,1 (1ct 0st),1.0,,GT,2024-03-01,2024-04-01
V Shankar,3,3,1,1,0,0,1,1 (1ct 0st),0.333,,GT,2024-03-01,2024-04-01
MM Sharma,3,3,1,1,0,0,1,1 (1ct 0st),0.333,,GT,2024-03-01,2024-04-01
Shubman Gill,3,3,1,1,0,0,1,1 (1ct 0st),0.333,,GT,2024-03-01,2024-04-01
Azmatullah Omarzai,3,3,0,0,0,0,0,0,0.0,,GT,2024-03-01,2024-04-01
Noor Ahmad,1,1,0,0,0,0,0,0,0.0,,GT,2024-03-01,2024-04-01
B Sai Sudharsan,3,3,0,0,0,0,0,0,0.0,,GT,2024-03-01,2024-04-01
R Sai Kishore,2,2,0,0,0,0,0,0,0.0,,GT,2024-03-01,2024-04-01
UT Yadav,3,3,0,0,0,0,0,0,0.0,,GT,2024-03-01,2024-04-01
RR Pant,3,3,4,3,1,3,0,2 (1ct 1st),1.333,,DC,2024-03-01,2024-04-01
T Stubbs,3,3,3,3,0,0,3,2 (2ct 0st),1.0,,DC,2024-03-01,2024-04-01
DA Warner,3,3,2,2,0,0,2,1 (1ct 0st),0.666,,DC,2024-03-01,2024-04-01
KK Ahmed,3,3,1,1,0,0,1,1 (1ct 0st),0.333,,DC,2024-03-01,2024-04-01
AR Patel,3,3,1,1,0,0,1,1 (1ct 0st),0.333,,DC,2024-03-01,2024-04-01
Abishek Porel,3,3,0,0,0,0,0,0,0.0,,DC,2024-03-01,2024-04-01
RK Bhui,2,2,0,0,0,0,0,0,0.0,,DC,2024-03-01,2024-04-01
SD Hope,1,1,0,0,0,0,0,0,0.0,,DC,2024-03-01,2024-04-01
Kuldeep Yadav,2,2,0,0,0,0,0,0,0.0,,DC,2024-03-01,2024-04-01
MR Marsh,3,3,0,0,0,0,0,0,0.0,,DC,2024-03-01,2024-04-01
Mukesh Kumar,2,2,0,0,0,0,0,0,0.0,,DC,2024-03-01,2024-04-01
A Nortje,2,2,0,0,0,0,0,0,0.0,,DC,2024-03-01,2024-04-01
Rasikh Salam,1,1,0,0,0,0,0,0,0.0,,DC,2024-03-01,2024-04-01
I Sharma,2,2,0,0,0,0,0,0,0.0,,DC,2024-03-01,2024-04-01
PP Shaw,1,1,0,0,0,0,0,0,0.0,,DC,2024-03-01,2024-04-01
Sumit Kumar,2,2,0,0,0,0,0,0,0.0,,DC,2024-03-01,2024-04-01
R Ravindra,3,3,5,5,0,0,5,3 (3ct 0st),1.666,,CSK,2024-03-01,2024-04-01
MS Dhoni,3,3,4,4,0,4,0,2 (2ct 0st),1.333,,CSK,2024-03-01,2024-04-01
TU Deshpande,3,3,1,1,0,0,1,1 (1ct 0st),0.333,,CSK,2024-03-01,2024-04-01
RD Gaikwad,3,3,1,1,0,0,1,1 (1ct 0st),0.333,,CSK,2024-03-01,2024-04-01
M Pathirana,2,2,1,1,0,0,1,1 (1ct 0st),0.5,,CSK,2024-03-01,2024-04-01
AM Rahane,3,3,1,1,0,0,1,1 (1ct 0st),0.333,,CSK,2024-03-01,2024-04-01
Sameer Rizvi,3,3,1,1,0,0,1,1 (1ct 0st),0.333,,CSK,2024-03-01,2024-04-01
DL Chahar,3,3,0,0,0,0,0,0,0.0,,CSK,2024-03-01,2024-04-01
S Dube,3,3,0,0,0,0,0,0,0.0,,CSK,2024-03-01,2024-04-01
RA Jadeja,3,3,0,0,0,0,0,0,0.0,,CSK,2024-03-01,2024-04-01
DJ Mitchell,3,3,0,0,0,0,0,0,0.0,,CSK,2024-03-01,2024-04-01
Mustafizur Rahman,3,3,0,0,0,0,0,0,0.0,,CSK,2024-03-01,2024-04-01
M Theekshana,1,1,0,0,0,0,0,0,0.0,,CSK,2024-03-01,2024-04-01
SV Samson,3,3,4,4,0,4,0,2 (2ct 0st),1.333,,RR,2024-03-01,2024-04-01
DC Jurel,3,3,3,3,0,0,3,3 (3ct 0st),1.0,,RR,2024-03-01,2024-04-01
N Burger,3,3,2,2,0,0,2,1 (1ct 0st),0.666,,RR,2024-03-01,2024-04-01
JC Buttler,3,3,2,2,0,0,2,1 (1ct 0st),0.666,,RR,2024-03-01,2024-04-01
SO Hetmyer,3,3,2,2,0,0,2,2 (2ct 0st),0.666,,RR,2024-03-01,2024-04-01
R Ashwin,3,3,1,1,0,0,1,1 (1ct 0st),0.333,,RR,2024-03-01,2024-04-01
TA Boult,3,3,1,1,0,0,1,1 (1ct 0st),0.333,,RR,2024-03-01,2024-04-01
Sandeep Sharma,2,2,1,1,0,0,1,1 (1ct 0st),0.5,,RR,2024-03-01,2024-04-01
Avesh Khan,3,3,0,0,0,0,0,0,0.0,,RR,2024-03-01,2024-04-01
YS Chahal,3,3,0,0,0,0,0,0,0.0,,RR,2024-03-01,2024-04-01
SB Dubey,1,1,0,0,0,0,0,0,0.0,,RR,2024-03-01,2024-04-01
YBK Jaiswal,3,3,0,0,0,0,0,0,0.0,,RR,2024-03-01,2024-04-01
R Parag,3,3,0,0,0,0,0,0,0.0,,RR,2024-03-01,2024-04-01
RK Singh,2,2,4,4,0,0,4,2 (2ct 0st),2.0,,KKR,2024-03-01,2024-04-01
Harshit Rana,2,2,1,1,0,0,1,1 (1ct 0st),0.5,,KKR,2024-03-01,2024-04-01
SS Iyer,2,2,1,1,0,0,1,1 (1ct 0st),0.5,,KKR,2024-03-01,2024-04-01
VR Iyer,2,2,1,1,0,0,1,1 (1ct 0st),0.5,,KKR,2024-03-01,2024-04-01
PD Salt,2,2,1,1,0,1,0,1 (1ct 0st),0.5,,KKR,2024-03-01,2024-04-01
MA Starc,2,2,1,1,0,0,1,1 (1ct 0st),0.5,,KKR,2024-03-01,2024-04-01
Suyash Sharma,1,1,1,1,0,0,1,1 (1ct 0st),1.0,,KKR,2024-03-01,2024-04-01
CV Varun,2,2,1,1,0,0,1,1 (1ct 0st),0.5,,KKR,2024-03-01,2024-04-01
SP Narine,2,2,0,0,0,0,0,0,0.0,,KKR,2024-03-01,2024-04-01
A Raghuvanshi,1,1,0,0,0,0,0,0,0.0,,KKR,2024-03-01,2024-04-01
Ramandeep Singh,2,2,0,0,0,0,0,0,0.0,,KKR,2024-03-01,2024-04-01
N Rana,1,1,0,0,0,0,0,0,0.0,,KKR,2024-03-01,2024-04-01
AS Roy,1,1,0,0,0,0,0,0,0.0,,KKR,2024-03-01,2024-04-01
AD Russell,2,2,0,0,0,0,0,0,0.0,,KKR,2024-03-01,2024-04-01
MJ Dagar,2,2,3,3,0,0,3,3 (3ct 0st),1.5,,RCB,2024-04-01,2024-05-01
F du Plessis,7,7,3,3,0,0,3,1 (1ct 0st),0.428,,RCB,2024-04-01,2024-05-01
C Green,5,5,3,3,0,0,3,1 (1ct 0st),0.6,,RCB,2024-04-01,2024-05-01
V Kohli,7,7,3,3,0,0,3,1 (1ct 0st),0.428,,RCB,2024-04-01,2024-05-01
KV Sharma,3,3,3,3,0,0,3,2 (2ct 0st),1.0,,RCB,2024-04-01,2024-05-01
KD Karthik,7,7,2,2,0,2,0,1 (1ct 0st),0.285,,RCB,2024-04-01,2024-05-01
MK Lomror,5,5,2,2,0,0,2,1 (1ct 0st),0.4,,RCB,2024-04-01,2024-05-01
Mohammed Siraj,6,6,2,2,0,0,2,2 (2ct 0st),0.333,,RCB,2024-04-01,2024-05-01
Yash Dayal,6,6,2,2,0,0,2,1 (1ct 0st),0.333,,RCB,2024-04-01,2024-05-01
Anuj Rawat,2,2,1,1,0,1,0,1 (1ct 0st),0.5,,RCB,2024-04-01,2024-05-01
LH Ferguson,3,3,1,1,0,0,1,1 (1ct 0st),0.333,,RCB,2024-04-01,2024-05-01
GJ Maxwell,4,4,1,1,0,0,1,1 (1ct 0st),0.25,,RCB,2024-04-01,2024-05-01
RM Patidar,7,7,1,1,0,0,1,1 (1ct 0st),0.142,,RCB,2024-04-01,2024-05-01
RJW Topley,4,4,1,1,0,0,1,1 (1ct 0st),0.25,,RCB,2024-04-01,2024-05-01
V Vyshak,2,2,1,1,0,0,1,1 (1ct 0st),0.5,,RCB,2024-04-01,2024-05-01
Akash Deep,1,1,0,0,0,0,0,0,0.0,,RCB,2024-04-01,2024-05-01
SD Chauhan,3,3,0,0,0,0,0,0,0.0,,RCB,2024-04-01,2024-05-01
WG Jacks,5,5,0,0,0,0,0,0,0.0,,RCB,2024-04-01,2024-05-01
SS Prabhudessai,1,1,0,0,0,0,0,0,0.0,,RCB,2024-04-01,2024-05-01
H Sharma,1,1,0,0,0,0,0,0,0.0,,RCB,2024-04-01,2024-05-01
Swapnil Singh,2,2,0,0,0,0,0,0,0.0,,RCB,2024-04-01,2024-05-01
JM Sharma,7,7,5,5,0,5,0,2 (2ct 0st),0.714,,PBKS,2024-04-01,2024-05-01
Harpreet Brar,7,7,4,4,0,0,4,3 (3ct 0st),0.571,,PBKS,2024-04-01,2024-05-01
HV Patel,7,7,4,4,0,0,4,1 (1ct 0st),0.571,,PBKS,2024-04-01,2024-05-01
K Rabada,7,7,4,4,0,0,4,1 (1ct 0st),0.571,,PBKS,2024-04-01,2024-05-01
JM Bairstow,5,5,3,3,0,0,3,1 (1ct 0st),0.6,,PBKS,2024-04-01,2024-05-01
Shashank Singh,7,7,3,3,0,0,3,1 (1ct 0st),0.428,,PBKS,2024-04-01,2024-05-01
SM Curran,7,7,2,2,0,0,2,1 (1ct 0st),0.285,,PBKS,2024-04-01,2024-05-01
S Dhawan,2,2,2,2,0,0,2,1 (1ct 0st),1.0,,PBKS,2024-04-01,2024-05-01
RR Rossouw,4,4,2,2,0,0,2,1 (1ct 0st),0.5,,PBKS,2024-04-01,2024-05-01
AR Sharma,7,7,2,2,0,0,2,1 (1ct 0st),0.285,,PBKS,2024-04-01,2024-05-01
LS Livingstone,3,3,1,1,0,0,1,1 (1ct 0st),0.333,,PBKS,2024-04-01,2024-05-01
Prabhsimran Singh,7,7,1,1,0,0,1,1 (1ct 0st),0.142,,PBKS,2024-04-01,2024-05-01
Arshdeep Singh,7,7,0,0,0,0,0,0,0.0,,PBKS,2024-04-01,2024-05-01
RD Chahar,2,2,0,0,0,0,0,0,0.0,,PBKS,2024-04-01,2024-05-01
Harpreet Singh,2,2,0,0,0,0,0,0,0.0,,PBKS,2024-04-01,2024-05-01
Sikandar Raza,2,2,0,0,0,0,0,0,0.0,,PBKS,2024-04-01,2024-05-01
A Taide,1,1,0,0,0,0,0,0,0.0,,PBKS,2024-04-01,2024-05-01
Ishan Kishan,8,8,7,7,0,7,0,2 (2ct 0st),0.875,,MI,2024-04-01,2024-05-01
Mohammad Nabi,7,7,7,7,0,0,7,2 (2ct 0st),1.0,,MI,2024-04-01,2024-05-01
NT Tilak Varma,8,8,5,5,0,0,5,1 (1ct 0st),0.625,,MI,2024-04-01,2024-05-01
TH David,8,8,4,4,0,0,4,2 (2ct 0st),0.5,,MI,2024-04-01,2024-05-01
HH Pandya,8,8,3,3,0,0,3,2 (2ct 0st),0.375,,MI,2024-04-01,2024-05-01
RG Sharma,8,8,2,2,0,0,2,1 (1ct 0st),0.25,,MI,2024-04-01,2024-05-01
JJ Bumrah,8,8,1,1,0,0,1,1 (1ct 0st),0.125,,MI,2024-04-01,2024-05-01
PP Chawla,5,5,1,1,0,0,1,1 (1ct 0st),0.2,,MI,2024-04-01,2024-05-01
G Coetzee,7,7,1,1,0,0,1,1 (1ct 0st),0.142,,MI,2024-04-01,2024-05-01
S Gopal,3,3,1,1,0,0,1,1 (1ct 0st),0.333,,MI,2024-04-01,2024-05-01
A Madhwal,5,5,1,1,0,0,1,1 (1ct 0st),0.2,,MI,2024-04-01,2024-05-01
D Brevis,1,1,0,0,0,0,0,0,0.0,,MI,2024-04-01,2024-05-01
KT Maphaka,1,1,0,0,0,0,0,0,0.0,,MI,2024-04-01,2024-05-01
Naman Dhir,1,1,0,0,0,0,0,0,0.0,,MI,2024-04-01,2024-05-01
R Shepherd,4,4,0,0,0,0,0,0,0.0,,MI,2024-04-01,2024-05-01
N Thushara,3,3,0,0,0,0,0,0,0.0,,MI,2024-04-01,2024-05-01
N Wadhera,3,3,0,0,0,0,0,0,0.0,,MI,2024-04-01,2024-05-01
L Wood,1,1,0,0,0,0,0,0,0.0,,MI,2024-04-01,2024-05-01
SA Yadav,7,7,0,0,0,0,0,0,0.0,,MI,2024-04-01,2024-05-01
KL Rahul,8,8,11,9,2,9,0,3 (2ct 1st),1.375,,LSG,2024-04-01,2024-05-01
N Pooran,8,8,5,5,0,0,5,3 (3ct 0st),0.625,,LSG,2024-04-01,2024-05-01
A Badoni,8,8,3,3,0,0,3,1 (1ct 0st),0.375,,LSG,2024-04-01,2024-05-01
D Padikkal,4,4,3,3,0,0,3,3 (3ct 0st),0.75,,LSG,2024-04-01,2024-05-01
Ravi Bishnoi,8,8,3,3,0,0,3,2 (2ct 0st),0.375,,LSG,2024-04-01,2024-05-01
Q de Kock,7,7,2,2,0,0,2,2 (2ct 0st),0.285,,LSG,2024-04-01,2024-05-01
MP Stoinis,8,8,2,2,0,0,2,1 (1ct 0st),0.25,,LSG,2024-04-01,2024-05-01
Arshad Khan,2,2,1,1,0,0,1,1 (1ct 0st),0.5,,LSG,2024-04-01,2024-05-01
DJ Hooda,6,6,1,1,0,0,1,1 (1ct 0st),0.166,,LSG,2024-04-01,2024-05-01
Yash Thakur,7,7,1,1,0,0,1,1 (1ct 0st),0.142,,LSG,2024-04-01,2024-05-01
MP Yadav,3,3,1,1,0,0,1,1 (1ct 0st),0.333,,LSG,2024-04-01,2024-05-01
MJ Henry,3,3,0,0,0,0,0,0,0.0,,LSG,2024-04-01,2024-05-01
S Joseph,1,1,0,0,0,0,0,0,0.0,,LSG,2024-04-01,2024-05-01
AA Kulkarni,1,1,0,0,0,0,0,0,0.0,,LSG,2024-04-01,2024-05-01
A Mishra,1,1,0,0,0,0,0,0,0.0,,LSG,2024-04-01,2024-05-01
Mohsin Khan,5,5,0,0,0,0,0,0,0.0,,LSG,2024-04-01,2024-05-01
Naveen-ul-Haq,4,4,0,0,0,0,0,0,0.0,,LSG,2024-04-01,2024-05-01
KH Pandya,8,8,0,0,0,0,0,0,0.0,,LSG,2024-04-01,2024-05-01
M Siddharth,2,2,0,0,0,0,0,0,0.0,,LSG,2024-04-01,2024-05-01
AJ Turner,1,1,0,0,0,0,0,0,0.0,,LSG,2024-04-01,2024-05-01
Noor Ahmad,7,7,3,3,0,0,3,2 (2ct 0st),0.428,,GT,2024-04-01,2024-05-01
MM Sharma,7,7,3,3,0,0,3,1 (1ct 0st),0.428,,GT,2024-04-01,2024-05-01
R Tewatia,7,7,3,3,0,0,3,1 (1ct 0st),0.428,,GT,2024-04-01,2024-05-01
Rashid Khan,7,7,2,2,0,0,2,1 (1ct 0st),0.285,,GT,2024-04-01,2024-05-01
WP Saha,5,5,2,2,0,2,0,1 (1ct 0st),0.4,,GT,2024-04-01,2024-05-01
R Sai Kishore,3,3,2,2,0,0,2,1 (1ct 0st),0.666,,GT,2024-04-01,2024-05-01
M Shahrukh Khan,5,5,2,2,0,0,2,2 (2ct 0st),0.4,,GT,2024-04-01,2024-05-01
V Shankar,3,3,2,2,0,0,2,1 (1ct 0st),0.666,,GT,2024-04-01,2024-05-01
SH Johnson,3,3,1,1,0,0,1,1 (1ct 0st),0.333,,GT,2024-04-01,2024-05-01
A Manohar,2,2,1,1,0,0,1,1 (1ct 0st),0.5,,GT,2024-04-01,2024-05-01
DG Nalkande,2,2,1,1,0,0,1,1 (1ct 0st),0.5,,GT,2024-04-01,2024-05-01
BR Sharath,1,1,1,1,0,1,0,1 (1ct 0st),1.0,,GT,2024-04-01,2024-05-01
MS Wade,1,1,1,1,0,1,0,1 (1ct 0st),1.0,,GT,2024-04-01,2024-05-01
KS Williamson,2,2,1,1,0,0,1,1 (1ct 0st),0.5,,GT,2024-04-01,2024-05-01
UT Yadav,3,3,1,1,0,0,1,1 (1ct 0st),0.333,,GT,2024-04-01,2024-05-01
Azmatullah Omarzai,4,4,0,0,0,0,0,0,0.0,,GT,2024-04-01,2024-05-01
DA Miller,4,4,0,0,0,0,0,0,0.0,,GT,2024-04-01,2024-05-01
B Sai Sudharsan,7,7,0,0,0,0,0,0,0.0,,GT,2024-04-01,2024-05-01
S Sandeep Warrier,4,4,0,0,0,0,0,0,0.0,,GT,2024-04-01,2024-05-01
Shubman Gill,7,7,0,0,0,0,0,0,0.0,,GT,2024-04-01,2024-05-01
RR Pant,8,8,10,8,2,8,0,4 (2ct 2st),1.25,,DC,2024-04-01,2024-05-01
AR Patel,8,8,8,8,0,0,8,3 (3ct 0st),1.0,,DC,2024-04-01,2024-05-01
SD Hope,5,5,3,3,0,0,3,3 (3ct 0st),0.6,,DC,2024-04-01,2024-05-01
T Stubbs,8,8,3,3,0,0,3,2 (2ct 0st),0.375,,DC,2024-04-01,2024-05-01
DA Warner,4,4,3,3,0,0,3,1 (1ct 0st),0.75,,DC,2024-04-01,2024-05-01
J Fraser-McGurk,6,6,2,2,0,0,2,1 (1ct 0st),0.333,,DC,2024-04-01,2024-05-01
I Sharma,4,4,2,2,0,0,2,1 (1ct 0st),0.5,,DC,2024-04-01,2024-05-01
PP Shaw,7,7,2,2,0,0,2,1 (1ct 0st),0.285,,DC,2024-04-01,2024-05-01
Kuldeep Yadav,6,6,1,1,0,0,1,1 (1ct 0st),0.166,,DC,2024-04-01,2024-05-01
Mukesh Kumar,5,5,1,1,0,0,1,1 (1ct 0st),0.2,,DC,2024-04-01,2024-05-01
A Nortje,4,4,1,1,0,0,1,1 (1ct 0st),0.25,,DC,2024-04-01,2024-05-01
Rasikh Salam,4,4,1,1,0,0,1,1 (1ct 0st),0.25,,DC,2024-04-01,2024-05-01
Sumit Kumar,2,2,1,1,0,0,1,1 (1ct 0st),0.5,,DC,2024-04-01,2024-05-01
LB Williams,2,2,1,1,0,0,1,1 (1ct 0st),0.5,,DC,2024-04-01,2024-05-01
Abishek Porel,8,8,0,0,0,0,0,0,0.0,,DC,2024-04-01,2024-05-01
KK Ahmed,8,8,0,0,0,0,0,0,0.0,,DC,2024-04-01,2024-05-01
K Kushagra,3,3,0,0,0,0,0,0,0.0,,DC,2024-04-01,2024-05-01
MR Marsh,1,1,0,0,0,0,0,0,0.0,,DC,2024-04-01,2024-05-01
JA Richardson,1,1,0,0,0,0,0,0,0.0,,DC,2024-04-01,2024-05-01
Lalit Yadav,2,2,0,0,0,0,0,0,0.0,,DC,2024-04-01,2024-05-01
DJ Mitchell,6,6,7,7,0,0,7,5 (5ct 0st),1.166,,CSK,2024-04-01,2024-05-01
RA Jadeja,7,7,5,5,0,0,5,2 (2ct 0st),0.714,,CSK,2024-04-01,2024-05-01
MS Dhoni,7,7,3,3,0,3,0,1 (1ct 0st),0.428,,CSK,2024-04-01,2024-05-01
R Ravindra,4,4,3,3,0,0,3,1 (1ct 0st),0.75,,CSK,2024-04-01,2024-05-01
SN Thakur,5,5,3,3,0,0,3,2 (2ct 0st),0.6,,CSK,2024-04-01,2024-05-01
MM Ali,5,5,2,2,0,0,2,2 (2ct 0st),0.4,,CSK,2024-04-01,2024-05-01
RD Gaikwad,7,7,2,2,0,0,2,1 (1ct 0st),0.285,,CSK,2024-04-01,2024-05-01
Mustafizur Rahman,6,6,1,1,0,0,1,1 (1ct 0st),0.166,,CSK,2024-04-01,2024-05-01
M Theekshana,2,2,1,1,0,0,1,1 (1ct 0st),0.5,,CSK,2024-04-01,2024-05-01
DL Chahar,5,5,0,0,0,0,0,0,0.0,,CSK,2024-04-01,2024-05-01
TU Deshpande,6,6,0,0,0,0,0,0,0.0,,CSK,2024-04-01,2024-05-01
S Dube,7,7,0,0,0,0,0,0,0.0,,CSK,2024-04-01,2024-05-01
RJ Gleeson,1,1,0,0,0,0,0,0,0.0,,CSK,2024-04-01,2024-05-01
Mukesh Choudhary,1,1,0,0,0,0,0,0,0.0,,CSK,2024-04-01,2024-05-01
M Pathirana,4,4,0,0,0,0,0,0,0.0,,CSK,2024-04-01,2024-05-01
AM Rahane,7,7,0,0,0,0,0,0,0.0,,CSK,2024-04-01,2024-05-01
Sameer Rizvi,4,4,0,0,0,0,0,0,0.0,,CSK,2024-04-01,2024-05-01
DC Jurel,7,7,5,5,0,0,5,3 (3ct 0st),0.714,,RR,2024-04-01,2024-05-01
SV Samson,7,7,5,4,1,4,0,2 (2ct 0st),0.714,,RR,2024-04-01,2024-05-01
SO Hetmyer,7,7,4,4,0,0,4,2 (2ct 0st),0.571,,RR,2024-04-01,2024-05-01
TA Boult,7,7,3,3,0,0,3,2 (2ct 0st),0.428,,RR,2024-04-01,2024-05-01
R Powell,4,4,3,3,0,0,3,2 (2ct 0st),0.75,,RR,2024-04-01,2024-05-01
R Ashwin,6,6,2,2,0,0,2,1 (1ct 0st),0.333,,RR,2024-04-01,2024-05-01
R Parag,7,7,2,2,0,0,2,1 (1ct 0st),0.285,,RR,2024-04-01,2024-05-01
Avesh Khan,7,7,1,1,0,0,1,1 (1ct 0st),0.142,,RR,2024-04-01,2024-05-01
N Burger,2,2,1,1,0,0,1,1 (1ct 0st),0.5,,RR,2024-04-01,2024-05-01
JC Buttler,6,6,1,1,0,0,1,1 (1ct 0st),0.166,,RR,2024-04-01,2024-05-01
YS Chahal,7,7,1,1,0,0,1,1 (1ct 0st),0.142,,RR,2024-04-01,2024-05-01
YBK Jaiswal,7,7,1,1,0,0,1,1 (1ct 0st),0.142,,RR,2024-04-01,2024-05-01
KA Maharaj,2,2,1,1,0,0,1,1 (1ct 0st),0.5,,RR,2024-04-01,2024-05-01
Sandeep Sharma,2,2,1,1,0,0,1,1 (1ct 0st),0.5,,RR,2024-04-01,2024-05-01
KR Sen,3,3,1,1,0,0,1,1 (1ct 0st),0.333,,RR,2024-04-01,2024-05-01
SB Dubey,2,2,0,0,0,0,0,0,0.0,,RR,2024-04-01,2024-05-01
TK Kotian,1,1,0,0,0,0,0,0,0.0,,RR,2024-04-01,2024-05-01
PD Salt,7,7,7,7,0,7,0,3 (3ct 0st),1.0,,KKR,2024-04-01,2024-05-01
SS Iyer,7,7,6,6,0,0,6,2 (2ct 0st),0.857,,KKR,2024-04-01,2024-05-01
SP Narine,7,7,4,4,0,0,4,1 (1ct 0st),0.571,,KKR,2024-04-01,2024-05-01
A Raghuvanshi,7,7,4,4,0,0,4,2 (2ct 0st),0.571,,KKR,2024-04-01,2024-05-01
Ramandeep Singh,7,7,4,4,0,0,4,2 (2ct 0st),0.571,,KKR,2024-04-01,2024-05-01
VR Iyer,7,7,3,3,0,0,3,1 (1ct 0st),0.428,,KKR,2024-04-01,2024-05-01
Harshit Rana,6,6,2,2,0,0,2,2 (2ct 0st),0.333,,KKR,2024-04-01,2024-05-01
MA Starc,6,6,2,2,0,0,2,1 (1ct 0st),0.333,,KKR,2024-04-01,2024-05-01
CV Varun,7,7,2,2,0,0,2,1 (1ct 0st),0.285,,KKR,2024-04-01,2024-05-01
AD Russell,7,7,1,1,0,0,1,1 (1ct 0st),0.142,,KKR,2024-04-01,2024-05-01
VG Arora,5,5,0,0,0,0,0,0,0.0,,KKR,2024-04-01,2024-05-01
PVD Chameera,1,1,0,0,0,0,0,0,0.0,,KKR,2024-04-01,2024-05-01
AS Roy,2,2,0,0,0,0,0,0,0.0,,KKR,2024-04-01,2024-05-01
RK Singh,7,7,0,0,0,0,0,0,0.0,,KKR,2024-04-01,2024-05-01
Suyash Sharma,1,1,0,0,0,0,0,0,0.0,,KKR,2024-04-01,2024-05-01
F du Plessis,5,5,5,5,0,0,5,2 (2ct 0st),1.0,,RCB,2024-05-01,2024-06-01
LH Ferguson,4,4,3,3,0,0,3,1 (1ct 0st),0.75,,RCB,2024-05-01,2024-06-01
WG Jacks,3,3,3,3,0,0,3,2 (2ct 0st),1.0,,RCB,2024-05-01,2024-06-01
KD Karthik,5,5,3,2,1,2,0,2 (1ct 1st),0.6,,RCB,2024-05-01,2024-06-01
KV Sharma,5,5,3,3,0,0,3,2 (2ct 0st),0.6,,RCB,2024-05-01,2024-06-01
V Kohli,5,5,2,2,0,0,2,1 (1ct 0st),0.4,,RCB,2024-05-01,2024-06-01
Swapnil Singh,5,5,2,2,0,0,2,1 (1ct 0st),0.4,,RCB,2024-05-01,2024-06-01
V Vyshak,1,1,2,2,0,0,2,2 (2ct 0st),2.0,,RCB,2024-05-01,2024-06-01
MK Lomror,4,4,1,1,0,0,1,1 (1ct 0st),0.25,,RCB,2024-05-01,2024-06-01
GJ Maxwell,3,3,1,1,0,0,1,1 (1ct 0st),0.333,,RCB,2024-05-01,2024-06-01
Mohammed Siraj,5,5,1,1,0,0,1,1 (1ct 0st),0.2,,RCB,2024-05-01,2024-06-01
Yash Dayal,5,5,1,1,0,0,1,1 (1ct 0st),0.2,,RCB,2024-05-01,2024-06-01
C Green,5,5,0,0,0,0,0,0,0.0,,RCB,2024-05-01,2024-06-01
RM Patidar,5,5,0,0,0,0,0,0,0.0,,RCB,2024-05-01,2024-06-01
SM Curran,4,4,4,4,0,0,4,2 (2ct 0st),1.0,,PBKS,2024-05-01,2024-06-01
RR Rossouw,5,5,3,3,0,0,3,1 (1ct 0st),0.6,,PBKS,2024-05-01,2024-06-01
JM Sharma,5,5,3,3,0,2,1,2 (2ct 0st),0.6,,PBKS,2024-05-01,2024-06-01
Shashank Singh,5,5,3,3,0,0,3,1 (1ct 0st),0.6,,PBKS,2024-05-01,2024-06-01
JM Bairstow,4,4,2,2,0,1,1,1 (1ct 0st),0.5,,PBKS,2024-05-01,2024-06-01
RD Chahar,5,5,2,2,0,0,2,2 (2ct 0st),0.4,,PBKS,2024-05-01,2024-06-01
HV Patel,5,5,2,2,0,0,2,1 (1ct 0st),0.4,,PBKS,2024-05-01,2024-06-01
Shivam Singh,1,1,2,2,0,0,2,2 (2ct 0st),2.0,,PBKS,2024-05-01,2024-06-01
Arshdeep Singh,5,5,1,1,0,0,1,1 (1ct 0st),0.2,,PBKS,2024-05-01,2024-06-01
Harpreet Brar,4,4,1,1,0,0,1,1 (1ct 0st),0.25,,PBKS,2024-05-01,2024-06-01
K Rabada,2,2,1,1,0,0,1,1 (1ct 0st),0.5,,PBKS,2024-05-01,2024-06-01
R Dhawan,1,1,0,0,0,0,0,0,0.0,,PBKS,2024-05-01,2024-06-01
NT Ellis,1,1,0,0,0,0,0,0,0.0,,PBKS,2024-05-01,2024-06-01
V Kaverappa,1,1,0,0,0,0,0,0,0.0,,PBKS,2024-05-01,2024-06-01
LS Livingstone,1,1,0,0,0,0,0,0,0.0,,PBKS,2024-05-01,2024-06-01
Prabhsimran Singh,5,5,0,0,0,0,0,0,0.0,,PBKS,2024-05-01,2024-06-01
AR Sharma,5,5,0,0,0,0,0,0,0.0,,PBKS,2024-05-01,2024-06-01
A Taide,1,1,0,0,0,0,0,0,0.0,,PBKS,2024-05-01,2024-06-01
SA Yadav,4,4,4,4,0,0,4,1 (1ct 0st),1.0,,MI,2024-05-01,2024-06-01
A Kamboj,3,3,3,3,0,0,3,2 (2ct 0st),1.0,,MI,2024-05-01,2024-06-01
Ishan Kishan,4,4,2,2,0,2,0,1 (1ct 0st),0.5,,MI,2024-05-01,2024-06-01
NT Tilak Varma,3,3,2,2,0,0,2,1 (1ct 0st),0.666,,MI,2024-05-01,2024-06-01
N Wadhera,3,3,2,2,0,0,2,2 (2ct 0st),0.666,,MI,2024-05-01,2024-06-01
PP Chawla,4,4,1,1,0,0,1,1 (1ct 0st),0.25,,MI,2024-05-01,2024-06-01
G Coetzee,1,1,1,1,0,0,1,1 (1ct 0st),1.0,,MI,2024-05-01,2024-06-01
TH David,3,3,1,1,0,0,1,1 (1ct 0st),0.333,,MI,2024-05-01,2024-06-01
N Thushara,4,4,1,1,0,0,1,1 (1ct 0st),0.25,,MI,2024-05-01,2024-06-01
D Brevis,1,1,0,0,0,0,0,0,0.0,,MI,2024-05-01,2024-06-01
JJ Bumrah,3,3,0,0,0,0,0,0,0.0,,MI,2024-05-01,2024-06-01
Naman Dhir,4,4,0,0,0,0,0,0,0.0,,MI,2024-05-01,2024-06-01
HH Pandya,4,4,0,0,0,0,0,0,0.0,,MI,2024-05-01,2024-06-01
RG Sharma,4,4,0,0,0,0,0,0,0.0,,MI,2024-05-01,2024-06-01
R Shepherd,1,1,0,0,0,0,0,0,0.0,,MI,2024-05-01,2024-06-01
AS Tendulkar,1,1,0,0,0,0,0,0,0.0,,MI,2024-05-01,2024-06-01
KL Rahul,4,4,4,4,0,3,1,3 (3ct 0st),1.0,,LSG,2024-05-01,2024-06-01
Naveen-ul-Haq,4,4,2,2,0,0,2,1 (1ct 0st),0.5,,LSG,2024-05-01,2024-06-01
KH Pandya,4,4,2,2,0,0,2,2 (2ct 0st),0.5,,LSG,2024-05-01,2024-06-01
DJ Hooda,4,4,1,1,0,0,1,1 (1ct 0st),0.25,,LSG,2024-05-01,2024-06-01
Mohsin Khan,3,3,1,1,0,0,1,1 (1ct 0st),0.333,,LSG,2024-05-01,2024-06-01
N Pooran,4,4,1,1,0,0,1,1 (1ct 0st),0.25,,LSG,2024-05-01,2024-06-01
Ravi Bishnoi,4,4,1,1,0,0,1,1 (1ct 0st),0.25,,LSG,2024-05-01,2024-06-01
MP Stoinis,4,4,1,1,0,0,1,1 (1ct 0st),0.25,,LSG,2024-05-01,2024-06-01
Arshad Khan,2,2,0,0,0,0,0,0,0.0,,LSG,2024-05-01,2024-06-01
A Badoni,4,4,0,0,0,0,0,0,0.0,,LSG,2024-05-01,2024-06-01
Q de Kock,2,2,0,0,0,0,0,0,0.0,,LSG,2024-05-01,2024-06-01
K Gowtham,1,1,0,0,0,0,0,0,0.0,,LSG,2024-05-01,2024-06-01
MJ Henry,1,1,0,0,0,0,0,0,0.0,,LSG,2024-05-01,2024-06-01
AA Kulkarni,1,1,0,0,0,0,0,0,0.0,,LSG,2024-05-01,2024-06-01
D Padikkal,1,1,0,0,0,0,0,0,0.0,,LSG,2024-05-01,2024-06-01
Yash Thakur,2,2,0,0,0,0,0,0,0.0,,LSG,2024-05-01,2024-06-01
AJ Turner,1,1,0,0,0,0,0,0,0.0,,LSG,2024-05-01,2024-06-01
Yudhvir Singh,2,2,0,0,0,0,0,0,0.0,,LSG,2024-05-01,2024-06-01
M Shahrukh Khan,2,2,4,4,0,0,4,3 (3ct 0st),2.0,,GT,2024-05-01,2024-06-01
DA Miller,2,2,3,3,0,0,3,2 (2ct 0st),1.5,,GT,2024-05-01,2024-06-01
Noor Ahmad,2,2,2,2,0,0,2,2 (2ct 0st),1.0,,GT,2024-05-01,2024-06-01
Rashid Khan,2,2,1,1,0,0,1,1 (1ct 0st),0.5,,GT,2024-05-01,2024-06-01
WP Saha,1,1,1,1,0,1,0,1 (1ct 0st),1.0,,GT,2024-05-01,2024-06-01
R Tewatia,2,2,1,1,0,0,1,1 (1ct 0st),0.5,,GT,2024-05-01,2024-06-01
Kartik Tyagi,1,1,0,0,0,0,0,0,0.0,,GT,2024-05-01,2024-06-01
JB Little,1,1,0,0,0,0,0,0,0.0,,GT,2024-05-01,2024-06-01
B Sai Sudharsan,2,2,0,0,0,0,0,0,0.0,,GT,2024-05-01,2024-06-01
S Sandeep Warrier,1,1,0,0,0,0,0,0,0.0,,GT,2024-05-01,2024-06-01
V Shankar,1,1,0,0,0,0,0,0,0.0,,GT,2024-05-01,2024-06-01
MM Sharma,2,2,0,0,0,0,0,0,0.0,,GT,2024-05-01,2024-06-01
Shubman Gill,2,2,0,0,0,0,0,0,0.0,,GT,2024-05-01,2024-06-01
MJ Suthar,1,1,0,0,0,0,0,0,0.0,,GT,2024-05-01,2024-06-01
MS Wade,1,1,0,0,0,0,0,0,0.0,,GT,2024-05-01,2024-06-01
UT Yadav,1,1,0,0,0,0,0,0,0.0,,GT,2024-05-01,2024-06-01
AR Patel,3,3,4,4,0,0,4,2 (2ct 0st),1.333,,DC,2024-05-01,2024-06-01
SD Hope,3,3,3,3,0,0,3,2 (2ct 0st),1.0,,DC,2024-05-01,2024-06-01
Abishek Porel,3,3,2,2,0,2,0,2 (2ct 0st),0.666,,DC,2024-05-01,2024-06-01
Mukesh Kumar,3,3,2,2,0,0,2,2 (2ct 0st),0.666,,DC,2024-05-01,2024-06-01
RR Pant,2,2,2,0,2,0,0,2 (0ct 2st),1.0,,DC,2024-05-01,2024-06-01
J Fraser-McGurk,3,3,1,1,0,0,1,1 (1ct 0st),0.333,,DC,2024-05-01,2024-06-01
Gulbadin Naib,2,2,1,1,0,0,1,1 (1ct 0st),0.5,,DC,2024-05-01,2024-06-01
Kuldeep Yadav,3,3,1,1,0,0,1,1 (1ct 0st),0.333,,DC,2024-05-01,2024-06-01
K Kushagra,1,1,1,1,0,0,1,1 (1ct 0st),1.0,,DC,2024-05-01,2024-06-01
T Stubbs,3,3,1,1,0,0,1,1 (1ct 0st),0.333,,DC,2024-05-01,2024-06-01
KK Ahmed,3,3,0,0,0,0,0,0,0.0,,DC,2024-05-01,2024-06-01
Rasikh Salam,3,3,0,0,0,0,0,0,0.0,,DC,2024-05-01,2024-06-01
I Sharma,3,3,0,0,0,0,0,0,0.0,,DC,2024-05-01,2024-06-01
DA Warner,1,1,0,0,0,0,0,0,0.0,,DC,2024-05-01,2024-06-01
MS Dhoni,5,5,4,4,0,4,0,2 (2ct 0st),0.8,,CSK,2024-05-01,2024-06-01
RD Gaikwad,5,5,3,3,0,0,3,2 (2ct 0st),0.6,,CSK,2024-05-01,2024-06-01
S Dube,5,5,2,2,0,0,2,1 (1ct 0st),0.4,,CSK,2024-05-01,2024-06-01
DJ Mitchell,5,5,2,2,0,0,2,2 (2ct 0st),0.4,,CSK,2024-05-01,2024-06-01
Simarjeet Singh,4,4,2,2,0,0,2,2 (2ct 0st),0.5,,CSK,2024-05-01,2024-06-01
TU Deshpande,4,4,1,1,0,0,1,1 (1ct 0st),0.25,,CSK,2024-05-01,2024-06-01
RA Jadeja,5,5,1,1,0,0,1,1 (1ct 0st),0.2,,CSK,2024-05-01,2024-06-01
MJ Santner,3,3,1,1,0,0,1,1 (1ct 0st),0.333,,CSK,2024-05-01,2024-06-01
SN Thakur,5,5,1,1,0,0,1,1 (1ct 0st),0.2,,CSK,2024-05-01,2024-06-01
MM Ali,4,4,0,0,0,0,0,0,0.0,,CSK,2024-05-01,2024-06-01
DL Chahar,1,1,0,0,0,0,0,0,0.0,,CSK,2024-05-01,2024-06-01
RJ Gleeson,2,2,0,0,0,0,0,0,0.0,,CSK,2024-05-01,2024-06-01
Mustafizur Rahman,1,1,0,0,0,0,0,0,0.0,,CSK,2024-05-01,2024-06-01
AM Rahane,4,4,0,0,0,0,0,0,0.0,,CSK,2024-05-01,2024-06-01
R Ravindra,3,3,0,0,0,0,0,0,0.0,,CSK,2024-05-01,2024-06-01
Sameer Rizvi,2,2,0,0,0,0,0,0,0.0,,CSK,2024-05-01,2024-06-01
M Theekshana,2,2,0,0,0,0,0,0,0.0,,CSK,2024-05-01,2024-06-01
R Parag,7,6,5,5,0,0,5,2 (2ct 0st),0.833,,RR,2024-05-01,2024-06-01
YS Chahal,6,6,4,4,0,0,4,3 (3ct 0st),0.666,,RR,2024-05-01,2024-06-01
R Powell,6,5,4,4,0,0,4,4 (4ct 0st),0.8,,RR,2024-05-01,2024-06-01
R Ashwin,7,6,3,3,0,0,3,1 (1ct 0st),0.5,,RR,2024-05-01,2024-06-01
YBK Jaiswal,7,6,3,3,0,0,3,1 (1ct 0st),0.5,,RR,2024-05-01,2024-06-01
DC Jurel,6,5,3,3,0,0,3,1 (1ct 0st),0.6,,RR,2024-05-01,2024-06-01
Avesh Khan,7,6,1,1,0,0,1,1 (1ct 0st),0.166,,RR,2024-05-01,2024-06-01
TA Boult,7,6,1,1,0,0,1,1 (1ct 0st),0.166,,RR,2024-05-01,2024-06-01
D Ferreira,2,2,1,1,0,0,1,1 (1ct 0st),0.5,,RR,2024-05-01,2024-06-01
T Kohler-Cadmore,4,3,1,1,0,0,1,1 (1ct 0st),0.333,,RR,2024-05-01,2024-06-01
Sandeep Sharma,7,6,1,1,0,0,1,1 (1ct 0st),0.166,,RR,2024-05-01,2024-06-01
N Burger,2,1,0,0,0,0,0,0,0.0,,RR,2024-05-01,2024-06-01
JC Buttler,3,3,0,0,0,0,0,0,0.0,,RR,2024-05-01,2024-06-01
SB Dubey,2,2,0,0,0,0,0,0,0.0,,RR,2024-05-01,2024-06-01
SO Hetmyer,3,3,0,0,0,0,0,0,0.0,,RR,2024-05-01,2024-06-01
SV Samson,7,6,0,0,0,0,0,0,0.0,,RR,2024-05-01,2024-06-01
Rahmanullah Gurbaz,3,2,5,5,0,5,0,3 (3ct 0st),2.5,,KKR,2024-05-01,2024-06-01
SP Narine,6,5,4,4,0,0,4,2 (2ct 0st),0.8,,KKR,2024-05-01,2024-06-01
Ramandeep Singh,6,5,4,4,0,0,4,2 (2ct 0st),0.8,,KKR,2024-05-01,2024-06-01
PD Salt,3,3,4,4,0,4,0,2 (2ct 0st),1.333,,KKR,2024-05-01,2024-06-01
SS Iyer,6,5,3,3,0,0,3,1 (1ct 0st),0.6,,KKR,2024-05-01,2024-06-01
RK Singh,6,5,3,3,0,0,3,2 (2ct 0st),0.6,,KKR,2024-05-01,2024-06-01
MA Starc,6,5,3,3,0,0,3,2 (2ct 0st),0.6,,KKR,2024-05-01,2024-06-01
MK Pandey,1,1,2,2,0,0,2,2 (2ct 0st),2.0,,KKR,2024-05-01,2024-06-01
AD Russell,6,5,2,2,0,0,2,1 (1ct 0st),0.4,,KKR,2024-05-01,2024-06-01
VG Arora,5,5,1,1,0,0,1,1 (1ct 0st),0.2,,KKR,2024-05-01,2024-06-01
Harshit Rana,5,4,1,1,0,0,1,1 (1ct 0st),0.25,,KKR,2024-05-01,2024-06-01
CV Varun,6,5,1,1,0,0,1,1 (1ct 0st),0.2,,KKR,2024-05-01,2024-06-01
VR Iyer,6,5,0,0,0,0,0,0,0.0,,KKR,2024-05-01,2024-06-01
A Raghuvanshi,2,2,0,0,0,0,0,0,0.0,,KKR,2024-05-01,2024-06-01
N Rana,1,1,0,0,0,0,0,0,0.0,,KKR,2024-05-01,2024-06-01
AS Roy,1,,,,,,,,,,KKR,2024-05-01,2024-06-01
